TestType,Iteration,Elapsed_ms,Result
KeyGen,1,82,SUCCESS
KeyGen,2,82,SUCCESS
KeyGen,3,81,SUCCESS
KeyGen,4,82,SUCCESS
KeyGen,5,82,SUCCESS
KeyGen,6,82,SUCCESS
KeyGen,7,81,SUCCESS
KeyGen,8,82,SUCCESS
KeyGen,9,82,SUCCESS
KeyGen,10,82,SUCCESS
KeyGen,11,81,SUCCESS
KeyGen,12,82,SUCCESS
KeyGen,13,82,SUCCESS
KeyGen,14,82,SUCCESS
KeyGen,15,82,SUCCESS
KeyGen,16,81,SUCCESS
KeyGen,17,81,SUCCESS
KeyGen,18,82,SUCCESS
KeyGen,19,82,SUCCESS
KeyGen,20,82,SUCCESS
KeyGen,21,82,SUCCESS
KeyGen,22,82,SUCCESS
KeyGen,23,82,SUCCESS
KeyGen,24,82,SUCCESS
KeyGen,25,81,SUCCESS
KeyGen,26,82,SUCCESS
KeyGen,27,82,SUCCESS
KeyGen,28,82,SUCCESS
KeyGen,29,81,SUCCESS
KeyGen,30,82,SUCCESS
KeyGen,31,82,SUCCESS
KeyGen,32,82,SUCCESS
KeyGen,33,82,SUCCESS
KeyGen,34,82,SUCCESS
KeyGen,35,82,SUCCESS
KeyGen,36,81,SUCCESS
KeyGen,37,82,SUCCESS
KeyGen,38,82,SUCCESS
KeyGen,39,82,SUCCESS
KeyGen,40,82,SUCCESS
KeyGen,41,81,SUCCESS
KeyGen,42,81,SUCCESS
KeyGen,43,83,SUCCESS
KeyGen,44,82,SUCCESS
KeyGen,45,82,SUCCESS
KeyGen,46,82,SUCCESS
KeyGen,47,82,SUCCESS
KeyGen,48,81,SUCCESS
KeyGen,49,81,SUCCESS
KeyGen,50,82,SUCCESS
KeyGen,51,82,SUCCESS
KeyGen,52,81,SUCCESS
KeyGen,53,81,SUCCESS
KeyGen,54,82,SUCCESS
KeyGen,55,82,SUCCESS
KeyGen,56,82,SUCCESS
KeyGen,57,82,SUCCESS
KeyGen,58,82,SUCCESS
KeyGen,59,81,SUCCESS
KeyGen,60,82,SUCCESS
KeyGen,61,82,SUCCESS
KeyGen,62,82,SUCCESS
KeyGen,63,82,SUCCESS
KeyGen,64,81,SUCCESS
KeyGen,65,82,SUCCESS
KeyGen,66,82,SUCCESS
KeyGen,67,82,SUCCESS
KeyGen,68,81,SUCCESS
KeyGen,69,82,SUCCESS
KeyGen,70,82,SUCCESS
KeyGen,71,82,SUCCESS
KeyGen,72,82,SUCCESS
KeyGen,73,81,SUCCESS
KeyGen,74,82,SUCCESS
KeyGen,75,82,SUCCESS
KeyGen,76,82,SUCCESS
KeyGen,77,82,SUCCESS
KeyGen,78,81,SUCCESS
KeyGen,79,82,SUCCESS
KeyGen,80,82,SUCCESS
KeyGen,81,81,SUCCESS
KeyGen,82,82,SUCCESS
KeyGen,83,82,SUCCESS
KeyGen,84,82,SUCCESS
KeyGen,85,82,SUCCESS
KeyGen,86,82,SUCCESS
KeyGen,87,82,SUCCESS
KeyGen,88,82,SUCCESS
KeyGen,89,82,SUCCESS
KeyGen,90,81,SUCCESS
KeyGen,91,83,SUCCESS
KeyGen,92,81,SUCCESS
KeyGen,93,82,SUCCESS
KeyGen,94,82,SUCCESS
KeyGen,95,82,SUCCESS
KeyGen,96,82,SUCCESS
KeyGen,97,82,SUCCESS
KeyGen,98,82,SUCCESS
KeyGen,99,82,SUCCESS
KeyGen,100,82,SUCCESS
KeyGen,101,82,SUCCESS
KeyGen,102,81,SUCCESS
KeyGen,103,81,SUCCESS
KeyGen,104,82,SUCCESS
KeyGen,105,82,SUCCESS
KeyGen,106,81,SUCCESS
KeyGen,107,82,SUCCESS
KeyGen,108,82,SUCCESS
KeyGen,109,82,SUCCESS
KeyGen,110,82,SUCCESS
KeyGen,111,82,SUCCESS
KeyGen,112,82,SUCCESS
KeyGen,113,82,SUCCESS
KeyGen,114,81,SUCCESS
KeyGen,115,82,SUCCESS
KeyGen,116,82,SUCCESS
KeyGen,117,82,SUCCESS
KeyGen,118,81,SUCCESS
KeyGen,119,82,SUCCESS
KeyGen,120,82,SUCCESS
KeyGen,121,82,SUCCESS
KeyGen,122,82,SUCCESS
KeyGen,123,81,SUCCESS
KeyGen,124,81,SUCCESS
KeyGen,125,82,SUCCESS
KeyGen,126,82,SUCCESS
KeyGen,127,82,SUCCESS
KeyGen,128,82,SUCCESS
KeyGen,129,82,SUCCESS
KeyGen,130,82,SUCCESS
KeyGen,131,82,SUCCESS
KeyGen,132,81,SUCCESS
KeyGen,133,82,SUCCESS
KeyGen,134,82,SUCCESS
KeyGen,135,82,SUCCESS
KeyGen,136,82,SUCCESS
KeyGen,137,81,SUCCESS
KeyGen,138,82,SUCCESS
KeyGen,139,82,SUCCESS
KeyGen,140,82,SUCCESS
KeyGen,141,82,SUCCESS
KeyGen,142,81,SUCCESS
KeyGen,143,82,SUCCESS
KeyGen,144,82,SUCCESS
KeyGen,145,82,SUCCESS
KeyGen,146,82,SUCCESS
KeyGen,147,82,SUCCESS
KeyGen,148,82,SUCCESS
KeyGen,149,81,SUCCESS
KeyGen,150,81,SUCCESS
KeyGen,151,82,SUCCESS
KeyGen,152,82,SUCCESS
KeyGen,153,82,SUCCESS
KeyGen,154,82,SUCCESS
KeyGen,155,81,SUCCESS
KeyGen,156,82,SUCCESS
KeyGen,157,82,SUCCESS
KeyGen,158,82,SUCCESS
KeyGen,159,82,SUCCESS
KeyGen,160,81,SUCCESS
KeyGen,161,81,SUCCESS
KeyGen,162,82,SUCCESS
KeyGen,163,82,SUCCESS
KeyGen,164,82,SUCCESS
KeyGen,165,81,SUCCESS
KeyGen,166,81,SUCCESS
KeyGen,167,82,SUCCESS
KeyGen,168,82,SUCCESS
KeyGen,169,81,SUCCESS
KeyGen,170,82,SUCCESS
KeyGen,171,81,SUCCESS
KeyGen,172,82,SUCCESS
KeyGen,173,82,SUCCESS
KeyGen,174,81,SUCCESS
KeyGen,175,82,SUCCESS
KeyGen,176,82,SUCCESS
KeyGen,177,82,SUCCESS
KeyGen,178,82,SUCCESS
KeyGen,179,82,SUCCESS
KeyGen,180,81,SUCCESS
KeyGen,181,82,SUCCESS
KeyGen,182,82,SUCCESS
KeyGen,183,82,SUCCESS
KeyGen,184,82,SUCCESS
KeyGen,185,82,SUCCESS
KeyGen,186,82,SUCCESS
KeyGen,187,81,SUCCESS
KeyGen,188,81,SUCCESS
KeyGen,189,82,SUCCESS
KeyGen,190,82,SUCCESS
KeyGen,191,82,SUCCESS
KeyGen,192,82,SUCCESS
KeyGen,193,82,SUCCESS
KeyGen,194,81,SUCCESS
KeyGen,195,81,SUCCESS
KeyGen,196,82,SUCCESS
KeyGen,197,82,SUCCESS
KeyGen,198,82,SUCCESS
KeyGen,199,81,SUCCESS
KeyGen,200,81,SUCCESS
KeyGen,201,81,SUCCESS
KeyGen,202,82,SUCCESS
KeyGen,203,82,SUCCESS
KeyGen,204,81,SUCCESS
KeyGen,205,81,SUCCESS
KeyGen,206,82,SUCCESS
KeyGen,207,82,SUCCESS
KeyGen,208,82,SUCCESS
KeyGen,209,81,SUCCESS
KeyGen,210,82,SUCCESS
KeyGen,211,82,SUCCESS
KeyGen,212,82,SUCCESS
KeyGen,213,81,SUCCESS
KeyGen,214,81,SUCCESS
KeyGen,215,82,SUCCESS
KeyGen,216,82,SUCCESS
KeyGen,217,81,SUCCESS
KeyGen,218,81,SUCCESS
KeyGen,219,82,SUCCESS
KeyGen,220,82,SUCCESS
KeyGen,221,82,SUCCESS
KeyGen,222,82,SUCCESS
KeyGen,223,81,SUCCESS
KeyGen,224,81,SUCCESS
KeyGen,225,82,SUCCESS
KeyGen,226,82,SUCCESS
KeyGen,227,82,SUCCESS
KeyGen,228,82,SUCCESS
KeyGen,229,82,SUCCESS
KeyGen,230,82,SUCCESS
KeyGen,231,82,SUCCESS
KeyGen,232,82,SUCCESS
KeyGen,233,81,SUCCESS
KeyGen,234,81,SUCCESS
KeyGen,235,82,SUCCESS
KeyGen,236,82,SUCCESS
KeyGen,237,82,SUCCESS
KeyGen,238,82,SUCCESS
KeyGen,239,82,SUCCESS
KeyGen,240,81,SUCCESS
KeyGen,241,81,SUCCESS
KeyGen,242,82,SUCCESS
KeyGen,243,82,SUCCESS
KeyGen,244,82,SUCCESS
KeyGen,245,81,SUCCESS
KeyGen,246,83,SUCCESS
KeyGen,247,81,SUCCESS
KeyGen,248,82,SUCCESS
KeyGen,249,82,SUCCESS
KeyGen,250,82,SUCCESS
KeyGen,251,82,SUCCESS
KeyGen,252,82,SUCCESS
KeyGen,253,81,SUCCESS
KeyGen,254,82,SUCCESS
KeyGen,255,82,SUCCESS
KeyGen,256,82,SUCCESS
KeyGen,257,82,SUCCESS
KeyGen,258,82,SUCCESS
KeyGen,259,82,SUCCESS
KeyGen,260,81,SUCCESS
KeyGen,261,82,SUCCESS
KeyGen,262,82,SUCCESS
KeyGen,263,82,SUCCESS
KeyGen,264,81,SUCCESS
KeyGen,265,82,SUCCESS
KeyGen,266,82,SUCCESS
KeyGen,267,82,SUCCESS
KeyGen,268,81,SUCCESS
KeyGen,269,82,SUCCESS
KeyGen,270,82,SUCCESS
KeyGen,271,82,SUCCESS
KeyGen,272,82,SUCCESS
KeyGen,273,81,SUCCESS
KeyGen,274,82,SUCCESS
KeyGen,275,82,SUCCESS
KeyGen,276,82,SUCCESS
KeyGen,277,81,SUCCESS
KeyGen,278,82,SUCCESS
KeyGen,279,82,SUCCESS
KeyGen,280,82,SUCCESS
KeyGen,281,81,SUCCESS
KeyGen,282,83,SUCCESS
KeyGen,283,81,SUCCESS
KeyGen,284,81,SUCCESS
KeyGen,285,82,SUCCESS
KeyGen,286,81,SUCCESS
KeyGen,287,82,SUCCESS
KeyGen,288,82,SUCCESS
KeyGen,289,81,SUCCESS
KeyGen,290,81,SUCCESS
KeyGen,291,82,SUCCESS
KeyGen,292,82,SUCCESS
KeyGen,293,82,SUCCESS
KeyGen,294,82,SUCCESS
KeyGen,295,82,SUCCESS
KeyGen,296,82,SUCCESS
KeyGen,297,81,SUCCESS
KeyGen,298,82,SUCCESS
KeyGen,299,82,SUCCESS
KeyGen,300,82,SUCCESS
KeyGen,301,81,SUCCESS
KeyGen,302,81,SUCCESS
KeyGen,303,82,SUCCESS
KeyGen,304,82,SUCCESS
KeyGen,305,82,SUCCESS
KeyGen,306,82,SUCCESS
KeyGen,307,82,SUCCESS
KeyGen,308,82,SUCCESS
KeyGen,309,82,SUCCESS
KeyGen,310,82,SUCCESS
KeyGen,311,81,SUCCESS
KeyGen,312,82,SUCCESS
KeyGen,313,82,SUCCESS
KeyGen,314,82,SUCCESS
KeyGen,315,82,SUCCESS
KeyGen,316,82,SUCCESS
KeyGen,317,82,SUCCESS
KeyGen,318,82,SUCCESS
KeyGen,319,82,SUCCESS
KeyGen,320,82,SUCCESS
KeyGen,321,81,SUCCESS
KeyGen,322,82,SUCCESS
KeyGen,323,82,SUCCESS
KeyGen,324,82,SUCCESS
KeyGen,325,82,SUCCESS
KeyGen,326,82,SUCCESS
KeyGen,327,82,SUCCESS
KeyGen,328,82,SUCCESS
KeyGen,329,82,SUCCESS
KeyGen,330,82,SUCCESS
KeyGen,331,81,SUCCESS
KeyGen,332,81,SUCCESS
KeyGen,333,82,SUCCESS
KeyGen,334,82,SUCCESS
KeyGen,335,82,SUCCESS
KeyGen,336,82,SUCCESS
KeyGen,337,82,SUCCESS
KeyGen,338,82,SUCCESS
KeyGen,339,82,SUCCESS
KeyGen,340,82,SUCCESS
KeyGen,341,81,SUCCESS
KeyGen,342,82,SUCCESS
KeyGen,343,82,SUCCESS
KeyGen,344,82,SUCCESS
KeyGen,345,82,SUCCESS
KeyGen,346,82,SUCCESS
KeyGen,347,81,SUCCESS
KeyGen,348,81,SUCCESS
KeyGen,349,82,SUCCESS
KeyGen,350,82,SUCCESS
KeyGen,351,82,SUCCESS
KeyGen,352,82,SUCCESS
KeyGen,353,81,SUCCESS
KeyGen,354,82,SUCCESS
KeyGen,355,82,SUCCESS
KeyGen,356,82,SUCCESS
KeyGen,357,82,SUCCESS
KeyGen,358,82,SUCCESS
KeyGen,359,82,SUCCESS
KeyGen,360,82,SUCCESS
KeyGen,361,82,SUCCESS
KeyGen,362,81,SUCCESS
KeyGen,363,82,SUCCESS
KeyGen,364,82,SUCCESS
KeyGen,365,82,SUCCESS
KeyGen,366,82,SUCCESS
KeyGen,367,82,SUCCESS
KeyGen,368,81,SUCCESS
KeyGen,369,82,SUCCESS
KeyGen,370,82,SUCCESS
KeyGen,371,82,SUCCESS
KeyGen,372,81,SUCCESS
KeyGen,373,81,SUCCESS
KeyGen,374,82,SUCCESS
KeyGen,375,82,SUCCESS
KeyGen,376,82,SUCCESS
KeyGen,377,82,SUCCESS
KeyGen,378,81,SUCCESS
KeyGen,379,82,SUCCESS
KeyGen,380,82,SUCCESS
KeyGen,381,82,SUCCESS
KeyGen,382,82,SUCCESS
KeyGen,383,82,SUCCESS
KeyGen,384,82,SUCCESS
KeyGen,385,83,SUCCESS
KeyGen,386,82,SUCCESS
KeyGen,387,82,SUCCESS
KeyGen,388,81,SUCCESS
KeyGen,389,82,SUCCESS
KeyGen,390,82,SUCCESS
KeyGen,391,82,SUCCESS
KeyGen,392,81,SUCCESS
KeyGen,393,82,SUCCESS
KeyGen,394,82,SUCCESS
KeyGen,395,82,SUCCESS
KeyGen,396,82,SUCCESS
KeyGen,397,81,SUCCESS
KeyGen,398,81,SUCCESS
KeyGen,399,82,SUCCESS
KeyGen,400,82,SUCCESS
KeyGen,401,82,SUCCESS
KeyGen,402,81,SUCCESS
KeyGen,403,82,SUCCESS
KeyGen,404,82,SUCCESS
KeyGen,405,82,SUCCESS
KeyGen,406,81,SUCCESS
KeyGen,407,83,SUCCESS
KeyGen,408,82,SUCCESS
KeyGen,409,82,SUCCESS
KeyGen,410,82,SUCCESS
KeyGen,411,82,SUCCESS
KeyGen,412,82,SUCCESS
KeyGen,413,82,SUCCESS
KeyGen,414,82,SUCCESS
KeyGen,415,82,SUCCESS
KeyGen,416,81,SUCCESS
KeyGen,417,82,SUCCESS
KeyGen,418,82,SUCCESS
KeyGen,419,82,SUCCESS
KeyGen,420,82,SUCCESS
KeyGen,421,82,SUCCESS
KeyGen,422,81,SUCCESS
KeyGen,423,81,SUCCESS
KeyGen,424,82,SUCCESS
KeyGen,425,81,SUCCESS
KeyGen,426,82,SUCCESS
KeyGen,427,82,SUCCESS
KeyGen,428,82,SUCCESS
KeyGen,429,81,SUCCESS
KeyGen,430,81,SUCCESS
KeyGen,431,82,SUCCESS
KeyGen,432,82,SUCCESS
KeyGen,433,82,SUCCESS
KeyGen,434,81,SUCCESS
KeyGen,435,82,SUCCESS
KeyGen,436,82,SUCCESS
KeyGen,437,82,SUCCESS
KeyGen,438,82,SUCCESS
KeyGen,439,82,SUCCESS
KeyGen,440,82,SUCCESS
KeyGen,441,81,SUCCESS
KeyGen,442,82,SUCCESS
KeyGen,443,82,SUCCESS
KeyGen,444,81,SUCCESS
KeyGen,445,81,SUCCESS
KeyGen,446,82,SUCCESS
KeyGen,447,82,SUCCESS
KeyGen,448,82,SUCCESS
KeyGen,449,82,SUCCESS
KeyGen,450,81,SUCCESS
KeyGen,451,81,SUCCESS
KeyGen,452,82,SUCCESS
KeyGen,453,82,SUCCESS
KeyGen,454,81,SUCCESS
KeyGen,455,81,SUCCESS
KeyGen,456,82,SUCCESS
KeyGen,457,82,SUCCESS
KeyGen,458,82,SUCCESS
KeyGen,459,82,SUCCESS
KeyGen,460,82,SUCCESS
KeyGen,461,81,SUCCESS
KeyGen,462,81,SUCCESS
KeyGen,463,82,SUCCESS
KeyGen,464,82,SUCCESS
KeyGen,465,82,SUCCESS
KeyGen,466,82,SUCCESS
KeyGen,467,81,SUCCESS
KeyGen,468,82,SUCCESS
KeyGen,469,82,SUCCESS
KeyGen,470,82,SUCCESS
KeyGen,471,81,SUCCESS
KeyGen,472,82,SUCCESS
KeyGen,473,82,SUCCESS
KeyGen,474,82,SUCCESS
KeyGen,475,81,SUCCESS
KeyGen,476,82,SUCCESS
KeyGen,477,82,SUCCESS
KeyGen,478,82,SUCCESS
KeyGen,479,81,SUCCESS
KeyGen,480,82,SUCCESS
KeyGen,481,82,SUCCESS
KeyGen,482,82,SUCCESS
KeyGen,483,81,SUCCESS
KeyGen,484,82,SUCCESS
KeyGen,485,82,SUCCESS
KeyGen,486,82,SUCCESS
KeyGen,487,81,SUCCESS
KeyGen,488,82,SUCCESS
KeyGen,489,82,SUCCESS
KeyGen,490,82,SUCCESS
KeyGen,491,82,SUCCESS
KeyGen,492,82,SUCCESS
KeyGen,493,81,SUCCESS
KeyGen,494,81,SUCCESS
KeyGen,495,82,SUCCESS
KeyGen,496,82,SUCCESS
KeyGen,497,82,SUCCESS
KeyGen,498,81,SUCCESS
KeyGen,499,82,SUCCESS
KeyGen,500,82,SUCCESS
KeyGen,501,82,SUCCESS
KeyGen,502,82,SUCCESS
KeyGen,503,82,SUCCESS
KeyGen,504,81,SUCCESS
KeyGen,505,81,SUCCESS
KeyGen,506,82,SUCCESS
KeyGen,507,82,SUCCESS
KeyGen,508,82,SUCCESS
KeyGen,509,82,SUCCESS
KeyGen,510,81,SUCCESS
KeyGen,511,83,SUCCESS
KeyGen,512,81,SUCCESS
KeyGen,513,82,SUCCESS
KeyGen,514,82,SUCCESS
KeyGen,515,82,SUCCESS
KeyGen,516,82,SUCCESS
KeyGen,517,81,SUCCESS
KeyGen,518,81,SUCCESS
KeyGen,519,82,SUCCESS
KeyGen,520,82,SUCCESS
KeyGen,521,82,SUCCESS
KeyGen,522,81,SUCCESS
KeyGen,523,82,SUCCESS
KeyGen,524,82,SUCCESS
KeyGen,525,82,SUCCESS
KeyGen,526,81,SUCCESS
KeyGen,527,82,SUCCESS
KeyGen,528,82,SUCCESS
KeyGen,529,82,SUCCESS
KeyGen,530,82,SUCCESS
KeyGen,531,81,SUCCESS
KeyGen,532,82,SUCCESS
KeyGen,533,82,SUCCESS
KeyGen,534,81,SUCCESS
KeyGen,535,82,SUCCESS
KeyGen,536,81,SUCCESS
KeyGen,537,81,SUCCESS
KeyGen,538,82,SUCCESS
KeyGen,539,82,SUCCESS
KeyGen,540,82,SUCCESS
KeyGen,541,82,SUCCESS
KeyGen,542,81,SUCCESS
KeyGen,543,82,SUCCESS
KeyGen,544,82,SUCCESS
KeyGen,545,82,SUCCESS
KeyGen,546,82,SUCCESS
KeyGen,547,82,SUCCESS
KeyGen,548,82,SUCCESS
KeyGen,549,82,SUCCESS
KeyGen,550,81,SUCCESS
KeyGen,551,81,SUCCESS
KeyGen,552,82,SUCCESS
KeyGen,553,82,SUCCESS
KeyGen,554,82,SUCCESS
KeyGen,555,81,SUCCESS
KeyGen,556,81,SUCCESS
KeyGen,557,82,SUCCESS
KeyGen,558,82,SUCCESS
KeyGen,559,82,SUCCESS
KeyGen,560,82,SUCCESS
KeyGen,561,82,SUCCESS
KeyGen,562,82,SUCCESS
KeyGen,563,81,SUCCESS
KeyGen,564,82,SUCCESS
KeyGen,565,82,SUCCESS
KeyGen,566,82,SUCCESS
KeyGen,567,82,SUCCESS
KeyGen,568,81,SUCCESS
KeyGen,569,82,SUCCESS
KeyGen,570,82,SUCCESS
KeyGen,571,82,SUCCESS
KeyGen,572,81,SUCCESS
KeyGen,573,82,SUCCESS
KeyGen,574,81,SUCCESS
KeyGen,575,82,SUCCESS
KeyGen,576,82,SUCCESS
KeyGen,577,82,SUCCESS
KeyGen,578,82,SUCCESS
KeyGen,579,82,SUCCESS
KeyGen,580,81,SUCCESS
KeyGen,581,81,SUCCESS
KeyGen,582,82,SUCCESS
KeyGen,583,82,SUCCESS
KeyGen,584,82,SUCCESS
KeyGen,585,81,SUCCESS
KeyGen,586,82,SUCCESS
KeyGen,587,82,SUCCESS
KeyGen,588,82,SUCCESS
KeyGen,589,82,SUCCESS
KeyGen,590,82,SUCCESS
KeyGen,591,82,SUCCESS
KeyGen,592,82,SUCCESS
KeyGen,593,81,SUCCESS
KeyGen,594,82,SUCCESS
KeyGen,595,82,SUCCESS
KeyGen,596,81,SUCCESS
KeyGen,597,81,SUCCESS
KeyGen,598,82,SUCCESS
KeyGen,599,82,SUCCESS
KeyGen,600,82,SUCCESS
KeyGen,601,82,SUCCESS
KeyGen,602,82,SUCCESS
KeyGen,603,81,SUCCESS
KeyGen,604,81,SUCCESS
KeyGen,605,82,SUCCESS
KeyGen,606,82,SUCCESS
KeyGen,607,81,SUCCESS
KeyGen,608,82,SUCCESS
KeyGen,609,82,SUCCESS
KeyGen,610,82,SUCCESS
KeyGen,611,82,SUCCESS
KeyGen,612,82,SUCCESS
KeyGen,613,82,SUCCESS
KeyGen,614,82,SUCCESS
KeyGen,615,81,SUCCESS
KeyGen,616,82,SUCCESS
KeyGen,617,82,SUCCESS
KeyGen,618,82,SUCCESS
KeyGen,619,82,SUCCESS
KeyGen,620,82,SUCCESS
KeyGen,621,81,SUCCESS
KeyGen,622,81,SUCCESS
KeyGen,623,82,SUCCESS
KeyGen,624,82,SUCCESS
KeyGen,625,82,SUCCESS
KeyGen,626,82,SUCCESS
KeyGen,627,83,SUCCESS
KeyGen,628,82,SUCCESS
KeyGen,629,82,SUCCESS
KeyGen,630,82,SUCCESS
KeyGen,631,82,SUCCESS
KeyGen,632,82,SUCCESS
KeyGen,633,81,SUCCESS
KeyGen,634,82,SUCCESS
KeyGen,635,82,SUCCESS
KeyGen,636,82,SUCCESS
KeyGen,637,82,SUCCESS
KeyGen,638,82,SUCCESS
KeyGen,639,82,SUCCESS
KeyGen,640,81,SUCCESS
KeyGen,641,82,SUCCESS
KeyGen,642,82,SUCCESS
KeyGen,643,82,SUCCESS
KeyGen,644,82,SUCCESS
KeyGen,645,81,SUCCESS
KeyGen,646,82,SUCCESS
KeyGen,647,82,SUCCESS
KeyGen,648,82,SUCCESS
KeyGen,649,81,SUCCESS
KeyGen,650,82,SUCCESS
KeyGen,651,82,SUCCESS
KeyGen,652,82,SUCCESS
KeyGen,653,82,SUCCESS
KeyGen,654,82,SUCCESS
KeyGen,655,82,SUCCESS
KeyGen,656,82,SUCCESS
KeyGen,657,81,SUCCESS
KeyGen,658,82,SUCCESS
KeyGen,659,82,SUCCESS
KeyGen,660,82,SUCCESS
KeyGen,661,82,SUCCESS
KeyGen,662,82,SUCCESS
KeyGen,663,81,SUCCESS
KeyGen,664,82,SUCCESS
KeyGen,665,82,SUCCESS
KeyGen,666,82,SUCCESS
KeyGen,667,82,SUCCESS
KeyGen,668,82,SUCCESS
KeyGen,669,82,SUCCESS
KeyGen,670,81,SUCCESS
KeyGen,671,82,SUCCESS
KeyGen,672,82,SUCCESS
KeyGen,673,82,SUCCESS
KeyGen,674,82,SUCCESS
KeyGen,675,82,SUCCESS
KeyGen,676,82,SUCCESS
KeyGen,677,82,SUCCESS
KeyGen,678,81,SUCCESS
KeyGen,679,82,SUCCESS
KeyGen,680,82,SUCCESS
KeyGen,681,82,SUCCESS
KeyGen,682,82,SUCCESS
KeyGen,683,82,SUCCESS
KeyGen,684,81,SUCCESS
KeyGen,685,82,SUCCESS
KeyGen,686,82,SUCCESS
KeyGen,687,81,SUCCESS
KeyGen,688,82,SUCCESS
KeyGen,689,81,SUCCESS
KeyGen,690,82,SUCCESS
KeyGen,691,82,SUCCESS
KeyGen,692,82,SUCCESS
KeyGen,693,82,SUCCESS
KeyGen,694,81,SUCCESS
KeyGen,695,82,SUCCESS
KeyGen,696,82,SUCCESS
KeyGen,697,82,SUCCESS
KeyGen,698,82,SUCCESS
KeyGen,699,82,SUCCESS
KeyGen,700,81,SUCCESS
KeyGen,701,82,SUCCESS
KeyGen,702,82,SUCCESS
KeyGen,703,82,SUCCESS
KeyGen,704,81,SUCCESS
KeyGen,705,81,SUCCESS
KeyGen,706,82,SUCCESS
KeyGen,707,82,SUCCESS
KeyGen,708,82,SUCCESS
KeyGen,709,82,SUCCESS
KeyGen,710,82,SUCCESS
KeyGen,711,82,SUCCESS
KeyGen,712,81,SUCCESS
KeyGen,713,81,SUCCESS
KeyGen,714,82,SUCCESS
KeyGen,715,82,SUCCESS
KeyGen,716,81,SUCCESS
KeyGen,717,81,SUCCESS
KeyGen,718,82,SUCCESS
KeyGen,719,82,SUCCESS
KeyGen,720,82,SUCCESS
KeyGen,721,82,SUCCESS
KeyGen,722,82,SUCCESS
KeyGen,723,81,SUCCESS
KeyGen,724,81,SUCCESS
KeyGen,725,82,SUCCESS
KeyGen,726,82,SUCCESS
KeyGen,727,82,SUCCESS
KeyGen,728,81,SUCCESS
KeyGen,729,81,SUCCESS
KeyGen,730,82,SUCCESS
KeyGen,731,82,SUCCESS
KeyGen,732,82,SUCCESS
KeyGen,733,82,SUCCESS
KeyGen,734,82,SUCCESS
KeyGen,735,82,SUCCESS
KeyGen,736,82,SUCCESS
KeyGen,737,82,SUCCESS
KeyGen,738,82,SUCCESS
KeyGen,739,82,SUCCESS
KeyGen,740,82,SUCCESS
KeyGen,741,82,SUCCESS
KeyGen,742,82,SUCCESS
KeyGen,743,82,SUCCESS
KeyGen,744,82,SUCCESS
KeyGen,745,81,SUCCESS
KeyGen,746,81,SUCCESS
KeyGen,747,82,SUCCESS
KeyGen,748,82,SUCCESS
KeyGen,749,82,SUCCESS
KeyGen,750,82,SUCCESS
KeyGen,751,82,SUCCESS
KeyGen,752,82,SUCCESS
KeyGen,753,82,SUCCESS
KeyGen,754,81,SUCCESS
KeyGen,755,82,SUCCESS
KeyGen,756,82,SUCCESS
KeyGen,757,82,SUCCESS
KeyGen,758,81,SUCCESS
KeyGen,759,81,SUCCESS
KeyGen,760,82,SUCCESS
KeyGen,761,82,SUCCESS
KeyGen,762,82,SUCCESS
KeyGen,763,82,SUCCESS
KeyGen,764,82,SUCCESS
KeyGen,765,82,SUCCESS
KeyGen,766,82,SUCCESS
KeyGen,767,81,SUCCESS
KeyGen,768,82,SUCCESS
KeyGen,769,82,SUCCESS
KeyGen,770,82,SUCCESS
KeyGen,771,81,SUCCESS
KeyGen,772,82,SUCCESS
KeyGen,773,81,SUCCESS
KeyGen,774,82,SUCCESS
KeyGen,775,82,SUCCESS
KeyGen,776,82,SUCCESS
KeyGen,777,82,SUCCESS
KeyGen,778,81,SUCCESS
KeyGen,779,81,SUCCESS
KeyGen,780,82,SUCCESS
KeyGen,781,82,SUCCESS
KeyGen,782,81,SUCCESS
KeyGen,783,82,SUCCESS
KeyGen,784,81,SUCCESS
KeyGen,785,82,SUCCESS
KeyGen,786,82,SUCCESS
KeyGen,787,82,SUCCESS
KeyGen,788,81,SUCCESS
KeyGen,789,82,SUCCESS
KeyGen,790,82,SUCCESS
KeyGen,791,82,SUCCESS
KeyGen,792,82,SUCCESS
KeyGen,793,82,SUCCESS
KeyGen,794,81,SUCCESS
KeyGen,795,82,SUCCESS
KeyGen,796,82,SUCCESS
KeyGen,797,81,SUCCESS
KeyGen,798,81,SUCCESS
KeyGen,799,82,SUCCESS
KeyGen,800,82,SUCCESS
KeyGen,801,82,SUCCESS
KeyGen,802,82,SUCCESS
KeyGen,803,81,SUCCESS
KeyGen,804,81,SUCCESS
KeyGen,805,82,SUCCESS
KeyGen,806,81,SUCCESS
KeyGen,807,82,SUCCESS
KeyGen,808,82,SUCCESS
KeyGen,809,82,SUCCESS
KeyGen,810,82,SUCCESS
KeyGen,811,81,SUCCESS
KeyGen,812,82,SUCCESS
KeyGen,813,82,SUCCESS
KeyGen,814,82,SUCCESS
KeyGen,815,81,SUCCESS
KeyGen,816,82,SUCCESS
KeyGen,817,82,SUCCESS
KeyGen,818,82,SUCCESS
KeyGen,819,82,SUCCESS
KeyGen,820,81,SUCCESS
KeyGen,821,82,SUCCESS
KeyGen,822,82,SUCCESS
KeyGen,823,82,SUCCESS
KeyGen,824,81,SUCCESS
KeyGen,825,82,SUCCESS
KeyGen,826,82,SUCCESS
KeyGen,827,82,SUCCESS
KeyGen,828,81,SUCCESS
KeyGen,829,83,SUCCESS
KeyGen,830,82,SUCCESS
KeyGen,831,81,SUCCESS
KeyGen,832,82,SUCCESS
KeyGen,833,82,SUCCESS
KeyGen,834,82,SUCCESS
KeyGen,835,82,SUCCESS
KeyGen,836,81,SUCCESS
KeyGen,837,81,SUCCESS
KeyGen,838,81,SUCCESS
KeyGen,839,82,SUCCESS
KeyGen,840,82,SUCCESS
KeyGen,841,81,SUCCESS
KeyGen,842,81,SUCCESS
KeyGen,843,82,SUCCESS
KeyGen,844,82,SUCCESS
KeyGen,845,82,SUCCESS
KeyGen,846,82,SUCCESS
KeyGen,847,82,SUCCESS
KeyGen,848,81,SUCCESS
KeyGen,849,82,SUCCESS
KeyGen,850,82,SUCCESS
KeyGen,851,82,SUCCESS
KeyGen,852,82,SUCCESS
KeyGen,853,81,SUCCESS
KeyGen,854,82,SUCCESS
KeyGen,855,82,SUCCESS
KeyGen,856,82,SUCCESS
KeyGen,857,81,SUCCESS
KeyGen,858,82,SUCCESS
KeyGen,859,82,SUCCESS
KeyGen,860,82,SUCCESS
KeyGen,861,82,SUCCESS
KeyGen,862,82,SUCCESS
KeyGen,863,82,SUCCESS
KeyGen,864,82,SUCCESS
KeyGen,865,82,SUCCESS
KeyGen,866,81,SUCCESS
KeyGen,867,82,SUCCESS
KeyGen,868,82,SUCCESS
KeyGen,869,82,SUCCESS
KeyGen,870,82,SUCCESS
KeyGen,871,83,SUCCESS
KeyGen,872,82,SUCCESS
KeyGen,873,81,SUCCESS
KeyGen,874,83,SUCCESS
KeyGen,875,81,SUCCESS
KeyGen,876,82,SUCCESS
KeyGen,877,82,SUCCESS
KeyGen,878,82,SUCCESS
KeyGen,879,82,SUCCESS
KeyGen,880,82,SUCCESS
KeyGen,881,82,SUCCESS
KeyGen,882,82,SUCCESS
KeyGen,883,82,SUCCESS
KeyGen,884,82,SUCCESS
KeyGen,885,81,SUCCESS
KeyGen,886,82,SUCCESS
KeyGen,887,82,SUCCESS
KeyGen,888,82,SUCCESS
KeyGen,889,82,SUCCESS
KeyGen,890,82,SUCCESS
KeyGen,891,82,SUCCESS
KeyGen,892,82,SUCCESS
KeyGen,893,81,SUCCESS
KeyGen,894,81,SUCCESS
KeyGen,895,82,SUCCESS
KeyGen,896,82,SUCCESS
KeyGen,897,82,SUCCESS
KeyGen,898,81,SUCCESS
KeyGen,899,81,SUCCESS
KeyGen,900,81,SUCCESS
KeyGen,901,82,SUCCESS
KeyGen,902,82,SUCCESS
KeyGen,903,82,SUCCESS
KeyGen,904,82,SUCCESS
KeyGen,905,82,SUCCESS
KeyGen,906,81,SUCCESS
KeyGen,907,82,SUCCESS
KeyGen,908,82,SUCCESS
KeyGen,909,82,SUCCESS
KeyGen,910,82,SUCCESS
KeyGen,911,81,SUCCESS
KeyGen,912,82,SUCCESS
KeyGen,913,82,SUCCESS
KeyGen,914,82,SUCCESS
KeyGen,915,82,SUCCESS
KeyGen,916,82,SUCCESS
KeyGen,917,81,SUCCESS
KeyGen,918,82,SUCCESS
KeyGen,919,82,SUCCESS
KeyGen,920,82,SUCCESS
KeyGen,921,81,SUCCESS
KeyGen,922,81,SUCCESS
KeyGen,923,82,SUCCESS
KeyGen,924,82,SUCCESS
KeyGen,925,82,SUCCESS
KeyGen,926,81,SUCCESS
KeyGen,927,82,SUCCESS
KeyGen,928,82,SUCCESS
KeyGen,929,82,SUCCESS
KeyGen,930,82,SUCCESS
KeyGen,931,81,SUCCESS
KeyGen,932,82,SUCCESS
KeyGen,933,81,SUCCESS
KeyGen,934,82,SUCCESS
KeyGen,935,82,SUCCESS
KeyGen,936,82,SUCCESS
KeyGen,937,81,SUCCESS
KeyGen,938,81,SUCCESS
KeyGen,939,82,SUCCESS
KeyGen,940,82,SUCCESS
KeyGen,941,81,SUCCESS
KeyGen,942,81,SUCCESS
KeyGen,943,82,SUCCESS
KeyGen,944,82,SUCCESS
KeyGen,945,82,SUCCESS
KeyGen,946,82,SUCCESS
KeyGen,947,82,SUCCESS
KeyGen,948,81,SUCCESS
KeyGen,949,82,SUCCESS
KeyGen,950,82,SUCCESS
KeyGen,951,82,SUCCESS
KeyGen,952,81,SUCCESS
KeyGen,953,81,SUCCESS
KeyGen,954,82,SUCCESS
KeyGen,955,81,SUCCESS
KeyGen,956,82,SUCCESS
KeyGen,957,82,SUCCESS
KeyGen,958,81,SUCCESS
KeyGen,959,82,SUCCESS
KeyGen,960,82,SUCCESS
KeyGen,961,82,SUCCESS
KeyGen,962,81,SUCCESS
KeyGen,963,81,SUCCESS
KeyGen,964,82,SUCCESS
KeyGen,965,82,SUCCESS
KeyGen,966,82,SUCCESS
KeyGen,967,81,SUCCESS
KeyGen,968,81,SUCCESS
KeyGen,969,82,SUCCESS
KeyGen,970,82,SUCCESS
KeyGen,971,82,SUCCESS
KeyGen,972,81,SUCCESS
KeyGen,973,82,SUCCESS
KeyGen,974,82,SUCCESS
KeyGen,975,82,SUCCESS
KeyGen,976,81,SUCCESS
KeyGen,977,81,SUCCESS
KeyGen,978,82,SUCCESS
KeyGen,979,82,SUCCESS
KeyGen,980,82,SUCCESS
KeyGen,981,82,SUCCESS
KeyGen,982,82,SUCCESS
KeyGen,983,82,SUCCESS
KeyGen,984,82,SUCCESS
KeyGen,985,81,SUCCESS
KeyGen,986,82,SUCCESS
KeyGen,987,82,SUCCESS
KeyGen,988,82,SUCCESS
KeyGen,989,82,SUCCESS
KeyGen,990,82,SUCCESS
KeyGen,991,82,SUCCESS
KeyGen,992,81,SUCCESS
KeyGen,993,82,SUCCESS
KeyGen,994,82,SUCCESS
KeyGen,995,82,SUCCESS
KeyGen,996,82,SUCCESS
KeyGen,997,81,SUCCESS
KeyGen,998,82,SUCCESS
KeyGen,999,82,SUCCESS
KeyGen,1000,82,SUCCESS
TLSHandshake,1,1643,SUCCESS
TLSHandshake,2,1549,SUCCESS
TLSHandshake,3,1518,SUCCESS
TLSHandshake,4,1678,SUCCESS
TLSHandshake,5,1749,SUCCESS
TLSHandshake,6,1690,SUCCESS
TLSHandshake,7,1699,SUCCESS
TLSHandshake,8,1850,SUCCESS
TLSHandshake,9,1653,SUCCESS
TLSHandshake,10,1655,SUCCESS
TLSHandshake,11,3259,SUCCESS
TLSHandshake,12,1594,SUCCESS
TLSHandshake,13,1663,SUCCESS
TLSHandshake,14,1525,SUCCESS
TLSHandshake,15,1545,SUCCESS
TLSHandshake,16,1575,SUCCESS
TLSHandshake,17,1556,SUCCESS
TLSHandshake,18,1515,SUCCESS
TLSHandshake,19,1550,SUCCESS
TLSHandshake,20,1528,SUCCESS
TLSHandshake,21,1525,SUCCESS
TLSHandshake,22,1543,SUCCESS
TLSHandshake,23,1548,SUCCESS
TLSHandshake,24,1513,SUCCESS
TLSHandshake,25,1512,SUCCESS
TLSHandshake,26,1555,SUCCESS
TLSHandshake,27,1756,SUCCESS
TLSHandshake,28,1526,SUCCESS
TLSHandshake,29,1665,SUCCESS
TLSHandshake,30,1641,SUCCESS
TLSHandshake,31,1761,SUCCESS
TLSHandshake,32,1762,SUCCESS
TLSHandshake,33,1645,SUCCESS
TLSHandshake,34,1912,SUCCESS
TLSHandshake,35,1631,SUCCESS
TLSHandshake,36,1707,SUCCESS
TLSHandshake,37,1699,SUCCESS
TLSHandshake,38,1944,SUCCESS
TLSHandshake,39,1612,SUCCESS
TLSHandshake,40,1850,SUCCESS
TLSHandshake,41,1646,SUCCESS
TLSHandshake,42,1763,SUCCESS
TLSHandshake,43,1642,SUCCESS
TLSHandshake,44,4470,SUCCESS
TLSHandshake,45,1812,SUCCESS
TLSHandshake,46,1692,SUCCESS
TLSHandshake,47,4251,SUCCESS
TLSHandshake,48,1602,SUCCESS
TLSHandshake,49,1693,SUCCESS
TLSHandshake,50,1716,SUCCESS
TLSHandshake,51,1736,SUCCESS
TLSHandshake,52,2121,SUCCESS
TLSHandshake,53,1808,SUCCESS
TLSHandshake,54,1668,SUCCESS
TLSHandshake,55,1507,SUCCESS
TLSHandshake,56,1587,SUCCESS
TLSHandshake,57,1673,SUCCESS
TLSHandshake,58,1932,SUCCESS
TLSHandshake,59,2029,SUCCESS
TLSHandshake,60,1682,SUCCESS
TLSHandshake,61,1631,SUCCESS
TLSHandshake,62,1585,SUCCESS
TLSHandshake,63,1510,SUCCESS
TLSHandshake,64,1794,SUCCESS
TLSHandshake,65,1758,SUCCESS
TLSHandshake,66,1762,SUCCESS
TLSHandshake,67,1900,SUCCESS
TLSHandshake,68,1665,SUCCESS
TLSHandshake,69,1587,SUCCESS
TLSHandshake,70,1816,SUCCESS
TLSHandshake,71,1532,SUCCESS
TLSHandshake,72,1812,SUCCESS
TLSHandshake,73,1731,SUCCESS
TLSHandshake,74,1658,SUCCESS
TLSHandshake,75,1716,SUCCESS
TLSHandshake,76,1738,SUCCESS
TLSHandshake,77,1650,SUCCESS
TLSHandshake,78,1699,SUCCESS
TLSHandshake,79,1853,SUCCESS
TLSHandshake,80,1619,SUCCESS
TLSHandshake,81,1531,SUCCESS
TLSHandshake,82,1704,SUCCESS
TLSHandshake,83,1760,SUCCESS
TLSHandshake,84,1742,SUCCESS
TLSHandshake,85,1625,SUCCESS
TLSHandshake,86,1895,SUCCESS
TLSHandshake,87,1677,SUCCESS
TLSHandshake,88,1823,SUCCESS
TLSHandshake,89,1792,SUCCESS
TLSHandshake,90,1547,SUCCESS
TLSHandshake,91,1649,SUCCESS
TLSHandshake,92,1598,SUCCESS
TLSHandshake,93,1749,SUCCESS
TLSHandshake,94,1617,SUCCESS
TLSHandshake,95,1881,SUCCESS
TLSHandshake,96,1736,SUCCESS
TLSHandshake,97,1649,SUCCESS
TLSHandshake,98,1625,SUCCESS
TLSHandshake,99,1698,SUCCESS
TLSHandshake,100,1833,SUCCESS
TLSHandshake,101,1665,SUCCESS
TLSHandshake,102,1604,SUCCESS
TLSHandshake,103,1655,SUCCESS
TLSHandshake,104,1809,SUCCESS
TLSHandshake,105,1633,SUCCESS
TLSHandshake,106,1708,SUCCESS
TLSHandshake,107,1751,SUCCESS
TLSHandshake,108,1604,SUCCESS
TLSHandshake,109,1599,SUCCESS
TLSHandshake,110,1792,SUCCESS
TLSHandshake,111,1727,SUCCESS
TLSHandshake,112,1877,SUCCESS
TLSHandshake,113,1781,SUCCESS
TLSHandshake,114,1677,SUCCESS
TLSHandshake,115,1775,SUCCESS
TLSHandshake,116,1523,SUCCESS
TLSHandshake,117,1658,SUCCESS
TLSHandshake,118,1691,SUCCESS
TLSHandshake,119,1710,SUCCESS
TLSHandshake,120,1611,SUCCESS
TLSHandshake,121,1602,SUCCESS
TLSHandshake,122,1650,SUCCESS
TLSHandshake,123,1531,SUCCESS
TLSHandshake,124,1807,SUCCESS
TLSHandshake,125,4155,SUCCESS
TLSHandshake,126,1670,SUCCESS
TLSHandshake,127,1770,SUCCESS
TLSHandshake,128,1755,SUCCESS
TLSHandshake,129,1711,SUCCESS
TLSHandshake,130,1549,SUCCESS
TLSHandshake,131,1571,SUCCESS
TLSHandshake,132,1773,SUCCESS
TLSHandshake,133,1603,SUCCESS
TLSHandshake,134,1692,SUCCESS
TLSHandshake,135,1644,SUCCESS
TLSHandshake,136,15131,FAILED
TLSHandshake,137,3020,SUCCESS
TLSHandshake,138,1667,SUCCESS
TLSHandshake,139,3603,SUCCESS
TLSHandshake,140,1632,SUCCESS
TLSHandshake,141,1698,SUCCESS
TLSHandshake,142,1706,SUCCESS
TLSHandshake,143,1852,SUCCESS
TLSHandshake,144,1649,SUCCESS
TLSHandshake,145,1646,SUCCESS
TLSHandshake,146,3038,SUCCESS
TLSHandshake,147,1592,SUCCESS
TLSHandshake,148,1521,SUCCESS
TLSHandshake,149,1570,SUCCESS
TLSHandshake,150,1556,SUCCESS
TLSHandshake,151,1532,SUCCESS
TLSHandshake,152,1765,SUCCESS
TLSHandshake,153,2773,SUCCESS
TLSHandshake,154,3523,SUCCESS
TLSHandshake,155,1777,SUCCESS
TLSHandshake,156,1716,SUCCESS
TLSHandshake,157,1737,SUCCESS
TLSHandshake,158,1864,SUCCESS
TLSHandshake,159,1692,SUCCESS
TLSHandshake,160,1813,SUCCESS
TLSHandshake,161,1580,SUCCESS
TLSHandshake,162,1543,SUCCESS
TLSHandshake,163,5440,SUCCESS
TLSHandshake,164,1630,SUCCESS
TLSHandshake,165,1640,SUCCESS
TLSHandshake,166,1692,SUCCESS
TLSHandshake,167,1855,SUCCESS
TLSHandshake,168,1597,SUCCESS
TLSHandshake,169,3899,SUCCESS
TLSHandshake,170,1765,SUCCESS
TLSHandshake,171,1643,SUCCESS
TLSHandshake,172,1705,SUCCESS
TLSHandshake,173,1591,SUCCESS
TLSHandshake,174,1734,SUCCESS
TLSHandshake,175,1970,SUCCESS
TLSHandshake,176,1978,SUCCESS
TLSHandshake,177,1719,SUCCESS
TLSHandshake,178,1650,SUCCESS
TLSHandshake,179,1764,SUCCESS
TLSHandshake,180,1714,SUCCESS
TLSHandshake,181,1591,SUCCESS
TLSHandshake,182,1706,SUCCESS
TLSHandshake,183,1652,SUCCESS
TLSHandshake,184,1673,SUCCESS
TLSHandshake,185,1619,SUCCESS
TLSHandshake,186,1570,SUCCESS
TLSHandshake,187,1648,SUCCESS
TLSHandshake,188,1785,SUCCESS
TLSHandshake,189,1673,SUCCESS
TLSHandshake,190,1579,SUCCESS
TLSHandshake,191,1539,SUCCESS
TLSHandshake,192,1713,SUCCESS
TLSHandshake,193,1589,SUCCESS
TLSHandshake,194,1576,SUCCESS
TLSHandshake,195,1640,SUCCESS
TLSHandshake,196,1588,SUCCESS
TLSHandshake,197,1610,SUCCESS
TLSHandshake,198,1660,SUCCESS
TLSHandshake,199,1742,SUCCESS
TLSHandshake,200,1799,SUCCESS
TLSHandshake,201,1740,SUCCESS
TLSHandshake,202,1716,SUCCESS
TLSHandshake,203,1993,SUCCESS
TLSHandshake,204,1669,SUCCESS
TLSHandshake,205,1682,SUCCESS
TLSHandshake,206,1794,SUCCESS
TLSHandshake,207,1767,SUCCESS
TLSHandshake,208,1739,SUCCESS
TLSHandshake,209,1623,SUCCESS
TLSHandshake,210,1547,SUCCESS
TLSHandshake,211,1625,SUCCESS
TLSHandshake,212,1704,SUCCESS
TLSHandshake,213,1848,SUCCESS
TLSHandshake,214,1780,SUCCESS
TLSHandshake,215,1686,SUCCESS
TLSHandshake,216,8573,SUCCESS
TLSHandshake,217,1734,SUCCESS
TLSHandshake,218,1701,SUCCESS
TLSHandshake,219,1623,SUCCESS
TLSHandshake,220,1579,SUCCESS
TLSHandshake,221,1704,SUCCESS
TLSHandshake,222,1741,SUCCESS
TLSHandshake,223,1709,SUCCESS
TLSHandshake,224,1999,SUCCESS
TLSHandshake,225,1608,SUCCESS
TLSHandshake,226,1594,SUCCESS
TLSHandshake,227,2643,SUCCESS
TLSHandshake,228,2602,SUCCESS
TLSHandshake,229,1726,SUCCESS
TLSHandshake,230,1548,SUCCESS
TLSHandshake,231,1527,SUCCESS
TLSHandshake,232,3551,SUCCESS
TLSHandshake,233,1536,SUCCESS
TLSHandshake,234,1502,SUCCESS
TLSHandshake,235,1667,SUCCESS
TLSHandshake,236,1778,SUCCESS
TLSHandshake,237,1835,SUCCESS
TLSHandshake,238,1620,SUCCESS
TLSHandshake,239,2418,SUCCESS
TLSHandshake,240,1604,SUCCESS
TLSHandshake,241,1540,SUCCESS
TLSHandshake,242,2616,SUCCESS
TLSHandshake,243,5000,FAILED
TLSHandshake,244,5784,SUCCESS
TLSHandshake,245,1746,SUCCESS
TLSHandshake,246,1707,SUCCESS
TLSHandshake,247,1591,SUCCESS
TLSHandshake,248,1650,SUCCESS
TLSHandshake,249,1626,SUCCESS
TLSHandshake,250,1673,SUCCESS
TLSHandshake,251,1757,SUCCESS
TLSHandshake,252,1812,SUCCESS
TLSHandshake,253,1643,SUCCESS
TLSHandshake,254,2012,SUCCESS
TLSHandshake,255,1846,SUCCESS
TLSHandshake,256,1643,SUCCESS
TLSHandshake,257,1637,SUCCESS
TLSHandshake,258,1543,SUCCESS
TLSHandshake,259,1545,SUCCESS
TLSHandshake,260,1635,SUCCESS
TLSHandshake,261,1693,SUCCESS
TLSHandshake,262,1708,SUCCESS
TLSHandshake,263,1707,SUCCESS
TLSHandshake,264,1741,SUCCESS
TLSHandshake,265,1758,SUCCESS
TLSHandshake,266,1802,SUCCESS
TLSHandshake,267,1676,SUCCESS
TLSHandshake,268,4670,SUCCESS
TLSHandshake,269,1922,SUCCESS
TLSHandshake,270,1627,SUCCESS
TLSHandshake,271,1570,SUCCESS
TLSHandshake,272,2428,SUCCESS
TLSHandshake,273,1695,SUCCESS
TLSHandshake,274,1655,SUCCESS
TLSHandshake,275,1864,SUCCESS
TLSHandshake,276,1730,SUCCESS
TLSHandshake,277,3899,SUCCESS
TLSHandshake,278,1651,SUCCESS
TLSHandshake,279,2887,SUCCESS
TLSHandshake,280,9693,SUCCESS
TLSHandshake,281,2667,SUCCESS
TLSHandshake,282,3668,SUCCESS
TLSHandshake,283,1931,SUCCESS
TLSHandshake,284,1769,SUCCESS
TLSHandshake,285,1734,SUCCESS
TLSHandshake,286,1757,SUCCESS
TLSHandshake,287,1750,SUCCESS
TLSHandshake,288,3879,SUCCESS
TLSHandshake,289,1649,SUCCESS
TLSHandshake,290,4128,SUCCESS
TLSHandshake,291,1972,SUCCESS
TLSHandshake,292,4157,SUCCESS
TLSHandshake,293,1766,SUCCESS
TLSHandshake,294,1935,SUCCESS
TLSHandshake,295,1757,SUCCESS
TLSHandshake,296,1900,SUCCESS
TLSHandshake,297,1876,SUCCESS
TLSHandshake,298,2608,SUCCESS
TLSHandshake,299,1689,SUCCESS
TLSHandshake,300,1834,SUCCESS
TLSHandshake,301,1544,SUCCESS
TLSHandshake,302,1695,SUCCESS
TLSHandshake,303,1830,SUCCESS
TLSHandshake,304,15149,FAILED
TLSHandshake,305,7059,SUCCESS
TLSHandshake,306,3712,SUCCESS
TLSHandshake,307,1793,SUCCESS
TLSHandshake,308,2021,SUCCESS
TLSHandshake,309,1887,SUCCESS
TLSHandshake,310,4526,SUCCESS
TLSHandshake,311,15116,FAILED
TLSHandshake,312,2170,SUCCESS
TLSHandshake,313,4647,SUCCESS
TLSHandshake,314,1575,SUCCESS
TLSHandshake,315,2642,SUCCESS
TLSHandshake,316,1595,SUCCESS
TLSHandshake,317,1740,SUCCESS
TLSHandshake,318,5589,SUCCESS
TLSHandshake,319,1525,SUCCESS
TLSHandshake,320,1670,SUCCESS
TLSHandshake,321,1650,SUCCESS
TLSHandshake,322,1526,SUCCESS
TLSHandshake,323,1996,SUCCESS
TLSHandshake,324,1865,SUCCESS
TLSHandshake,325,1703,SUCCESS
TLSHandshake,326,4572,SUCCESS
TLSHandshake,327,1697,SUCCESS
TLSHandshake,328,1668,SUCCESS
TLSHandshake,329,1725,SUCCESS
TLSHandshake,330,1557,SUCCESS
TLSHandshake,331,1666,SUCCESS
TLSHandshake,332,1671,SUCCESS
TLSHandshake,333,1977,SUCCESS
TLSHandshake,334,1869,SUCCESS
TLSHandshake,335,1838,SUCCESS
TLSHandshake,336,1741,SUCCESS
TLSHandshake,337,1746,SUCCESS
TLSHandshake,338,1757,SUCCESS
TLSHandshake,339,1729,SUCCESS
TLSHandshake,340,1780,SUCCESS
TLSHandshake,341,1694,SUCCESS
TLSHandshake,342,3626,SUCCESS
TLSHandshake,343,1627,SUCCESS
TLSHandshake,344,1651,SUCCESS
TLSHandshake,345,4413,SUCCESS
TLSHandshake,346,2106,SUCCESS
TLSHandshake,347,1582,SUCCESS
TLSHandshake,348,4738,SUCCESS
TLSHandshake,349,1953,SUCCESS
TLSHandshake,350,1910,SUCCESS
TLSHandshake,351,1721,SUCCESS
TLSHandshake,352,1551,SUCCESS
TLSHandshake,353,1731,SUCCESS
TLSHandshake,354,1847,SUCCESS
TLSHandshake,355,1705,SUCCESS
TLSHandshake,356,1857,SUCCESS
TLSHandshake,357,2750,SUCCESS
TLSHandshake,358,1540,SUCCESS
TLSHandshake,359,1751,SUCCESS
TLSHandshake,360,1751,SUCCESS
TLSHandshake,361,4324,SUCCESS
TLSHandshake,362,2084,SUCCESS
TLSHandshake,363,1761,SUCCESS
TLSHandshake,364,1810,SUCCESS
TLSHandshake,365,4438,SUCCESS
TLSHandshake,366,1787,SUCCESS
TLSHandshake,367,1819,SUCCESS
TLSHandshake,368,1651,SUCCESS
TLSHandshake,369,1748,SUCCESS
TLSHandshake,370,2041,SUCCESS
TLSHandshake,371,2571,SUCCESS
TLSHandshake,372,3873,SUCCESS
TLSHandshake,373,1957,SUCCESS
TLSHandshake,374,1908,SUCCESS
TLSHandshake,375,1630,SUCCESS
TLSHandshake,376,4023,SUCCESS
TLSHandshake,377,1710,SUCCESS
TLSHandshake,378,1643,SUCCESS
TLSHandshake,379,1656,SUCCESS
TLSHandshake,380,1609,SUCCESS
TLSHandshake,381,1543,SUCCESS
TLSHandshake,382,1615,SUCCESS
TLSHandshake,383,4749,SUCCESS
TLSHandshake,384,1740,SUCCESS
TLSHandshake,385,1713,SUCCESS
TLSHandshake,386,1803,SUCCESS
TLSHandshake,387,1951,SUCCESS
TLSHandshake,388,1606,SUCCESS
TLSHandshake,389,1800,SUCCESS
TLSHandshake,390,1594,SUCCESS
TLSHandshake,391,3964,SUCCESS
TLSHandshake,392,9876,SUCCESS
TLSHandshake,393,2023,SUCCESS
TLSHandshake,394,1701,SUCCESS
TLSHandshake,395,1779,SUCCESS
TLSHandshake,396,1623,SUCCESS
TLSHandshake,397,1549,SUCCESS
TLSHandshake,398,3383,SUCCESS
TLSHandshake,399,1830,SUCCESS
TLSHandshake,400,1680,SUCCESS
TLSHandshake,401,1670,SUCCESS
TLSHandshake,402,1631,SUCCESS
TLSHandshake,403,1698,SUCCESS
TLSHandshake,404,1954,SUCCESS
TLSHandshake,405,1705,SUCCESS
TLSHandshake,406,1800,SUCCESS
TLSHandshake,407,2050,SUCCESS
TLSHandshake,408,1737,SUCCESS
TLSHandshake,409,1784,SUCCESS
TLSHandshake,410,1868,SUCCESS
TLSHandshake,411,1891,SUCCESS
TLSHandshake,412,1791,SUCCESS
TLSHandshake,413,1611,SUCCESS
TLSHandshake,414,1792,SUCCESS
TLSHandshake,415,1655,SUCCESS
TLSHandshake,416,1862,SUCCESS
TLSHandshake,417,1698,SUCCESS
TLSHandshake,418,1769,SUCCESS
TLSHandshake,419,1985,SUCCESS
TLSHandshake,420,1669,SUCCESS
TLSHandshake,421,1689,SUCCESS
TLSHandshake,422,1689,SUCCESS
TLSHandshake,423,4361,SUCCESS
TLSHandshake,424,1785,SUCCESS
TLSHandshake,425,1782,SUCCESS
TLSHandshake,426,1849,SUCCESS
TLSHandshake,427,1705,SUCCESS
TLSHandshake,428,1656,SUCCESS
TLSHandshake,429,1751,SUCCESS
TLSHandshake,430,1650,SUCCESS
TLSHandshake,431,1784,SUCCESS
TLSHandshake,432,1700,SUCCESS
TLSHandshake,433,1588,SUCCESS
TLSHandshake,434,1886,SUCCESS
TLSHandshake,435,3954,SUCCESS
TLSHandshake,436,3532,SUCCESS
TLSHandshake,437,1756,SUCCESS
TLSHandshake,438,1757,SUCCESS
TLSHandshake,439,1950,SUCCESS
TLSHandshake,440,1759,SUCCESS
TLSHandshake,441,1593,SUCCESS
TLSHandshake,442,1556,SUCCESS
TLSHandshake,443,1688,SUCCESS
TLSHandshake,444,1606,SUCCESS
TLSHandshake,445,1639,SUCCESS
TLSHandshake,446,4692,SUCCESS
TLSHandshake,447,1798,SUCCESS
TLSHandshake,448,1665,SUCCESS
TLSHandshake,449,1629,SUCCESS
TLSHandshake,450,1782,SUCCESS
TLSHandshake,451,1685,SUCCESS
TLSHandshake,452,1745,SUCCESS
TLSHandshake,453,1689,SUCCESS
TLSHandshake,454,1550,SUCCESS
TLSHandshake,455,1574,SUCCESS
TLSHandshake,456,1873,SUCCESS
TLSHandshake,457,1633,SUCCESS
TLSHandshake,458,1721,SUCCESS
TLSHandshake,459,1657,SUCCESS
TLSHandshake,460,1547,SUCCESS
TLSHandshake,461,1666,SUCCESS
TLSHandshake,462,1782,SUCCESS
TLSHandshake,463,1810,SUCCESS
TLSHandshake,464,1647,SUCCESS
TLSHandshake,465,1568,SUCCESS
TLSHandshake,466,6257,SUCCESS
TLSHandshake,467,1547,SUCCESS
TLSHandshake,468,1770,SUCCESS
TLSHandshake,469,1855,SUCCESS
TLSHandshake,470,1604,SUCCESS
TLSHandshake,471,1675,SUCCESS
TLSHandshake,472,1670,SUCCESS
TLSHandshake,473,1705,SUCCESS
TLSHandshake,474,4404,SUCCESS
TLSHandshake,475,1670,SUCCESS
TLSHandshake,476,1648,SUCCESS
TLSHandshake,477,1706,SUCCESS
TLSHandshake,478,2043,SUCCESS
TLSHandshake,479,1630,SUCCESS
TLSHandshake,480,4338,SUCCESS
TLSHandshake,481,5946,SUCCESS
TLSHandshake,482,1812,SUCCESS
TLSHandshake,483,1644,SUCCESS
TLSHandshake,484,1796,SUCCESS
TLSHandshake,485,1604,SUCCESS
TLSHandshake,486,1700,SUCCESS
TLSHandshake,487,1642,SUCCESS
TLSHandshake,488,1859,SUCCESS
TLSHandshake,489,1767,SUCCESS
TLSHandshake,490,1712,SUCCESS
TLSHandshake,491,1753,SUCCESS
TLSHandshake,492,1785,SUCCESS
TLSHandshake,493,1746,SUCCESS
TLSHandshake,494,4733,SUCCESS
TLSHandshake,495,1821,SUCCESS
TLSHandshake,496,1644,SUCCESS
TLSHandshake,497,1552,SUCCESS
TLSHandshake,498,1548,SUCCESS
TLSHandshake,499,1884,SUCCESS
TLSHandshake,500,1640,SUCCESS
TLSHandshake,501,1600,SUCCESS
TLSHandshake,502,1817,SUCCESS
TLSHandshake,503,1694,SUCCESS
TLSHandshake,504,1706,SUCCESS
TLSHandshake,505,1588,SUCCESS
TLSHandshake,506,1705,SUCCESS
TLSHandshake,507,1513,SUCCESS
TLSHandshake,508,1794,SUCCESS
TLSHandshake,509,1758,SUCCESS
TLSHandshake,510,1658,SUCCESS
TLSHandshake,511,1575,SUCCESS
TLSHandshake,512,1653,SUCCESS
TLSHandshake,513,1547,SUCCESS
TLSHandshake,514,1698,SUCCESS
TLSHandshake,515,1602,SUCCESS
TLSHandshake,516,1699,SUCCESS
TLSHandshake,517,1560,SUCCESS
TLSHandshake,518,1737,SUCCESS
TLSHandshake,519,1595,SUCCESS
TLSHandshake,520,1704,SUCCESS
TLSHandshake,521,1597,SUCCESS
TLSHandshake,522,1552,SUCCESS
TLSHandshake,523,1549,SUCCESS
TLSHandshake,524,1697,SUCCESS
TLSHandshake,525,1853,SUCCESS
TLSHandshake,526,1597,SUCCESS
TLSHandshake,527,1798,SUCCESS
TLSHandshake,528,1604,SUCCESS
TLSHandshake,529,1547,SUCCESS
TLSHandshake,530,1655,SUCCESS
TLSHandshake,531,1541,SUCCESS
TLSHandshake,532,1598,SUCCESS
TLSHandshake,533,1655,SUCCESS
TLSHandshake,534,1749,SUCCESS
TLSHandshake,535,1649,SUCCESS
TLSHandshake,536,1892,SUCCESS
TLSHandshake,537,1712,SUCCESS
TLSHandshake,538,1703,SUCCESS
TLSHandshake,539,1597,SUCCESS
TLSHandshake,540,1701,SUCCESS
TLSHandshake,541,1657,SUCCESS
TLSHandshake,542,1649,SUCCESS
TLSHandshake,543,1547,SUCCESS
TLSHandshake,544,1586,SUCCESS
TLSHandshake,545,1655,SUCCESS
TLSHandshake,546,1652,SUCCESS
TLSHandshake,547,1595,SUCCESS
TLSHandshake,548,1721,SUCCESS
TLSHandshake,549,1612,SUCCESS
TLSHandshake,550,1521,SUCCESS
TLSHandshake,551,1710,SUCCESS
TLSHandshake,552,1644,SUCCESS
TLSHandshake,553,1612,SUCCESS
TLSHandshake,554,1522,SUCCESS
TLSHandshake,555,1556,SUCCESS
TLSHandshake,556,1599,SUCCESS
TLSHandshake,557,1739,SUCCESS
TLSHandshake,558,1758,SUCCESS
TLSHandshake,559,1595,SUCCESS
TLSHandshake,560,1602,SUCCESS
TLSHandshake,561,1617,SUCCESS
TLSHandshake,562,1784,SUCCESS
TLSHandshake,563,1855,SUCCESS
TLSHandshake,564,1596,SUCCESS
TLSHandshake,565,1751,SUCCESS
TLSHandshake,566,1705,SUCCESS
TLSHandshake,567,1618,SUCCESS
TLSHandshake,568,1531,SUCCESS
TLSHandshake,569,1629,SUCCESS
TLSHandshake,570,1602,SUCCESS
TLSHandshake,571,1736,SUCCESS
TLSHandshake,572,1553,SUCCESS
TLSHandshake,573,1520,SUCCESS
TLSHandshake,574,1677,SUCCESS
TLSHandshake,575,1676,SUCCESS
TLSHandshake,576,1544,SUCCESS
TLSHandshake,577,1689,SUCCESS
TLSHandshake,578,1611,SUCCESS
TLSHandshake,579,1659,SUCCESS
TLSHandshake,580,1643,SUCCESS
TLSHandshake,581,1498,SUCCESS
TLSHandshake,582,1546,SUCCESS
TLSHandshake,583,1548,SUCCESS
TLSHandshake,584,1589,SUCCESS
TLSHandshake,585,1636,SUCCESS
TLSHandshake,586,1661,SUCCESS
TLSHandshake,587,1668,SUCCESS
TLSHandshake,588,1687,SUCCESS
TLSHandshake,589,1758,SUCCESS
TLSHandshake,590,1695,SUCCESS
TLSHandshake,591,1649,SUCCESS
TLSHandshake,592,1644,SUCCESS
TLSHandshake,593,1626,SUCCESS
TLSHandshake,594,1682,SUCCESS
TLSHandshake,595,1549,SUCCESS
TLSHandshake,596,1546,SUCCESS
TLSHandshake,597,1694,SUCCESS
TLSHandshake,598,1548,SUCCESS
TLSHandshake,599,1777,SUCCESS
TLSHandshake,600,1647,SUCCESS
TLSHandshake,601,1708,SUCCESS
TLSHandshake,602,1599,SUCCESS
TLSHandshake,603,1519,SUCCESS
TLSHandshake,604,1809,SUCCESS
TLSHandshake,605,1487,SUCCESS
TLSHandshake,606,1706,SUCCESS
TLSHandshake,607,1635,SUCCESS
TLSHandshake,608,1711,SUCCESS
TLSHandshake,609,1551,SUCCESS
TLSHandshake,610,1590,SUCCESS
TLSHandshake,611,1757,SUCCESS
TLSHandshake,612,1488,SUCCESS
TLSHandshake,613,1580,SUCCESS
TLSHandshake,614,1739,SUCCESS
TLSHandshake,615,1675,SUCCESS
TLSHandshake,616,1676,SUCCESS
TLSHandshake,617,1691,SUCCESS
TLSHandshake,618,1609,SUCCESS
TLSHandshake,619,2056,SUCCESS
TLSHandshake,620,1720,SUCCESS
TLSHandshake,621,1727,SUCCESS
TLSHandshake,622,1809,SUCCESS
TLSHandshake,623,1757,SUCCESS
TLSHandshake,624,1790,SUCCESS
TLSHandshake,625,1813,SUCCESS
TLSHandshake,626,1820,SUCCESS
TLSHandshake,627,1627,SUCCESS
TLSHandshake,628,1712,SUCCESS
TLSHandshake,629,1587,SUCCESS
TLSHandshake,630,1715,SUCCESS
TLSHandshake,631,1853,SUCCESS
TLSHandshake,632,1687,SUCCESS
TLSHandshake,633,1903,SUCCESS
TLSHandshake,634,1607,SUCCESS
TLSHandshake,635,1540,SUCCESS
TLSHandshake,636,1746,SUCCESS
TLSHandshake,637,1715,SUCCESS
TLSHandshake,638,1721,SUCCESS
TLSHandshake,639,1727,SUCCESS
TLSHandshake,640,1646,SUCCESS
TLSHandshake,641,1593,SUCCESS
TLSHandshake,642,1611,SUCCESS
TLSHandshake,643,1696,SUCCESS
TLSHandshake,644,1694,SUCCESS
TLSHandshake,645,1654,SUCCESS
TLSHandshake,646,1632,SUCCESS
TLSHandshake,647,1723,SUCCESS
TLSHandshake,648,1742,SUCCESS
TLSHandshake,649,1740,SUCCESS
TLSHandshake,650,1876,SUCCESS
TLSHandshake,651,1596,SUCCESS
TLSHandshake,652,1547,SUCCESS
TLSHandshake,653,1759,SUCCESS
TLSHandshake,654,1951,SUCCESS
TLSHandshake,655,1805,SUCCESS
TLSHandshake,656,1754,SUCCESS
TLSHandshake,657,1753,SUCCESS
TLSHandshake,658,1596,SUCCESS
TLSHandshake,659,1656,SUCCESS
TLSHandshake,660,1793,SUCCESS
TLSHandshake,661,1609,SUCCESS
TLSHandshake,662,1561,SUCCESS
TLSHandshake,663,1705,SUCCESS
TLSHandshake,664,1575,SUCCESS
TLSHandshake,665,1853,SUCCESS
TLSHandshake,666,1576,SUCCESS
TLSHandshake,667,1519,SUCCESS
TLSHandshake,668,1616,SUCCESS
TLSHandshake,669,1635,SUCCESS
TLSHandshake,670,1805,SUCCESS
TLSHandshake,671,1746,SUCCESS
TLSHandshake,672,1555,SUCCESS
TLSHandshake,673,1636,SUCCESS
TLSHandshake,674,1560,SUCCESS
TLSHandshake,675,1548,SUCCESS
TLSHandshake,676,1561,SUCCESS
TLSHandshake,677,1729,SUCCESS
TLSHandshake,678,1555,SUCCESS
TLSHandshake,679,1814,SUCCESS
TLSHandshake,680,1839,SUCCESS
TLSHandshake,681,1902,SUCCESS
TLSHandshake,682,1809,SUCCESS
TLSHandshake,683,1746,SUCCESS
TLSHandshake,684,1599,SUCCESS
TLSHandshake,685,1753,SUCCESS
TLSHandshake,686,1548,SUCCESS
TLSHandshake,687,1513,SUCCESS
TLSHandshake,688,1848,SUCCESS
TLSHandshake,689,1645,SUCCESS
TLSHandshake,690,1720,SUCCESS
TLSHandshake,691,1547,SUCCESS
TLSHandshake,692,1734,SUCCESS
TLSHandshake,693,1645,SUCCESS
TLSHandshake,694,1709,SUCCESS
TLSHandshake,695,1594,SUCCESS
TLSHandshake,696,1669,SUCCESS
TLSHandshake,697,1577,SUCCESS
TLSHandshake,698,1599,SUCCESS
TLSHandshake,699,1696,SUCCESS
TLSHandshake,700,1627,SUCCESS
TLSHandshake,701,1521,SUCCESS
TLSHandshake,702,1832,SUCCESS
TLSHandshake,703,1578,SUCCESS
TLSHandshake,704,1611,SUCCESS
TLSHandshake,705,1613,SUCCESS
TLSHandshake,706,1566,SUCCESS
TLSHandshake,707,1749,SUCCESS
TLSHandshake,708,1602,SUCCESS
TLSHandshake,709,1702,SUCCESS
TLSHandshake,710,1596,SUCCESS
TLSHandshake,711,1593,SUCCESS
TLSHandshake,712,1607,SUCCESS
TLSHandshake,713,1597,SUCCESS
TLSHandshake,714,1827,SUCCESS
TLSHandshake,715,1592,SUCCESS
TLSHandshake,716,1841,SUCCESS
TLSHandshake,717,1699,SUCCESS
TLSHandshake,718,1654,SUCCESS
TLSHandshake,719,1643,SUCCESS
TLSHandshake,720,1546,SUCCESS
TLSHandshake,721,1555,SUCCESS
TLSHandshake,722,1696,SUCCESS
TLSHandshake,723,1705,SUCCESS
TLSHandshake,724,1799,SUCCESS
TLSHandshake,725,1698,SUCCESS
TLSHandshake,726,1708,SUCCESS
TLSHandshake,727,1922,SUCCESS
TLSHandshake,728,1524,SUCCESS
TLSHandshake,729,1775,SUCCESS
TLSHandshake,730,1577,SUCCESS
TLSHandshake,731,1721,SUCCESS
TLSHandshake,732,1682,SUCCESS
TLSHandshake,733,1720,SUCCESS
TLSHandshake,734,1547,SUCCESS
TLSHandshake,735,1610,SUCCESS
TLSHandshake,736,1698,SUCCESS
TLSHandshake,737,1641,SUCCESS
TLSHandshake,738,1578,SUCCESS
TLSHandshake,739,1755,SUCCESS
TLSHandshake,740,1704,SUCCESS
TLSHandshake,741,1540,SUCCESS
TLSHandshake,742,1568,SUCCESS
TLSHandshake,743,1633,SUCCESS
TLSHandshake,744,1598,SUCCESS
TLSHandshake,745,1749,SUCCESS
TLSHandshake,746,1762,SUCCESS
TLSHandshake,747,1640,SUCCESS
TLSHandshake,748,1698,SUCCESS
TLSHandshake,749,1553,SUCCESS
TLSHandshake,750,1581,SUCCESS
TLSHandshake,751,1517,SUCCESS
TLSHandshake,752,1701,SUCCESS
TLSHandshake,753,1594,SUCCESS
TLSHandshake,754,1567,SUCCESS
TLSHandshake,755,1753,SUCCESS
TLSHandshake,756,1532,SUCCESS
TLSHandshake,757,1593,SUCCESS
TLSHandshake,758,1605,SUCCESS
TLSHandshake,759,1547,SUCCESS
TLSHandshake,760,1533,SUCCESS
TLSHandshake,761,1560,SUCCESS
TLSHandshake,762,1541,SUCCESS
TLSHandshake,763,1548,SUCCESS
TLSHandshake,764,1572,SUCCESS
TLSHandshake,765,1726,SUCCESS
TLSHandshake,766,1554,SUCCESS
TLSHandshake,767,1563,SUCCESS
TLSHandshake,768,1700,SUCCESS
TLSHandshake,769,1733,SUCCESS
TLSHandshake,770,1599,SUCCESS
TLSHandshake,771,1552,SUCCESS
TLSHandshake,772,1541,SUCCESS
TLSHandshake,773,1569,SUCCESS
TLSHandshake,774,1515,SUCCESS
TLSHandshake,775,1517,SUCCESS
TLSHandshake,776,1590,SUCCESS
TLSHandshake,777,1672,SUCCESS
TLSHandshake,778,1634,SUCCESS
TLSHandshake,779,1547,SUCCESS
TLSHandshake,780,1542,SUCCESS
TLSHandshake,781,1544,SUCCESS
TLSHandshake,782,1704,SUCCESS
TLSHandshake,783,1651,SUCCESS
TLSHandshake,784,1649,SUCCESS
TLSHandshake,785,1595,SUCCESS
TLSHandshake,786,1652,SUCCESS
TLSHandshake,787,1545,SUCCESS
TLSHandshake,788,1702,SUCCESS
TLSHandshake,789,1752,SUCCESS
TLSHandshake,790,1767,SUCCESS
TLSHandshake,791,1745,SUCCESS
TLSHandshake,792,1746,SUCCESS
TLSHandshake,793,1826,SUCCESS
TLSHandshake,794,1673,SUCCESS
TLSHandshake,795,1631,SUCCESS
TLSHandshake,796,1670,SUCCESS
TLSHandshake,797,1529,SUCCESS
TLSHandshake,798,1520,SUCCESS
TLSHandshake,799,1567,SUCCESS
TLSHandshake,800,1579,SUCCESS
TLSHandshake,801,1645,SUCCESS
TLSHandshake,802,1754,SUCCESS
TLSHandshake,803,1753,SUCCESS
TLSHandshake,804,1752,SUCCESS
TLSHandshake,805,1647,SUCCESS
TLSHandshake,806,1707,SUCCESS
TLSHandshake,807,1666,SUCCESS
TLSHandshake,808,1591,SUCCESS
TLSHandshake,809,1685,SUCCESS
TLSHandshake,810,1702,SUCCESS
TLSHandshake,811,1626,SUCCESS
TLSHandshake,812,1572,SUCCESS
TLSHandshake,813,1651,SUCCESS
TLSHandshake,814,1671,SUCCESS
TLSHandshake,815,1517,SUCCESS
TLSHandshake,816,1499,SUCCESS
TLSHandshake,817,1708,SUCCESS
TLSHandshake,818,1744,SUCCESS
TLSHandshake,819,1599,SUCCESS
TLSHandshake,820,1605,SUCCESS
TLSHandshake,821,1512,SUCCESS
TLSHandshake,822,1524,SUCCESS
TLSHandshake,823,1705,SUCCESS
TLSHandshake,824,1752,SUCCESS
TLSHandshake,825,1753,SUCCESS
TLSHandshake,826,1662,SUCCESS
TLSHandshake,827,1642,SUCCESS
TLSHandshake,828,1756,SUCCESS
TLSHandshake,829,1585,SUCCESS
TLSHandshake,830,1549,SUCCESS
TLSHandshake,831,1575,SUCCESS
TLSHandshake,832,1579,SUCCESS
TLSHandshake,833,1652,SUCCESS
TLSHandshake,834,1563,SUCCESS
TLSHandshake,835,1578,SUCCESS
TLSHandshake,836,1592,SUCCESS
TLSHandshake,837,1753,SUCCESS
TLSHandshake,838,1700,SUCCESS
TLSHandshake,839,1546,SUCCESS
TLSHandshake,840,1547,SUCCESS
TLSHandshake,841,1546,SUCCESS
TLSHandshake,842,1704,SUCCESS
TLSHandshake,843,1629,SUCCESS
TLSHandshake,844,1772,SUCCESS
TLSHandshake,845,1600,SUCCESS
TLSHandshake,846,1756,SUCCESS
TLSHandshake,847,1620,SUCCESS
TLSHandshake,848,1624,SUCCESS
TLSHandshake,849,1651,SUCCESS
TLSHandshake,850,1695,SUCCESS
TLSHandshake,851,1548,SUCCESS
TLSHandshake,852,1557,SUCCESS
TLSHandshake,853,1540,SUCCESS
TLSHandshake,854,1703,SUCCESS
TLSHandshake,855,1499,SUCCESS
TLSHandshake,856,1699,SUCCESS
TLSHandshake,857,1694,SUCCESS
TLSHandshake,858,1803,SUCCESS
TLSHandshake,859,1654,SUCCESS
TLSHandshake,860,1763,SUCCESS
TLSHandshake,861,1643,SUCCESS
TLSHandshake,862,1647,SUCCESS
TLSHandshake,863,1545,SUCCESS
TLSHandshake,864,1963,SUCCESS
TLSHandshake,865,1666,SUCCESS
TLSHandshake,866,1625,SUCCESS
TLSHandshake,867,1674,SUCCESS
TLSHandshake,868,1729,SUCCESS
TLSHandshake,869,1663,SUCCESS
TLSHandshake,870,1659,SUCCESS
TLSHandshake,871,1609,SUCCESS
TLSHandshake,872,1643,SUCCESS
TLSHandshake,873,1571,SUCCESS
TLSHandshake,874,1550,SUCCESS
TLSHandshake,875,1752,SUCCESS
TLSHandshake,876,1747,SUCCESS
TLSHandshake,877,1609,SUCCESS
TLSHandshake,878,1805,SUCCESS
TLSHandshake,879,1719,SUCCESS
TLSHandshake,880,1547,SUCCESS
TLSHandshake,881,1678,SUCCESS
TLSHandshake,882,1646,SUCCESS
TLSHandshake,883,1772,SUCCESS
TLSHandshake,884,1737,SUCCESS
TLSHandshake,885,1595,SUCCESS
TLSHandshake,886,1605,SUCCESS
TLSHandshake,887,1643,SUCCESS
TLSHandshake,888,1652,SUCCESS
TLSHandshake,889,1601,SUCCESS
TLSHandshake,890,1654,SUCCESS
TLSHandshake,891,1788,SUCCESS
TLSHandshake,892,1659,SUCCESS
TLSHandshake,893,1602,SUCCESS
TLSHandshake,894,1694,SUCCESS
TLSHandshake,895,1769,SUCCESS
TLSHandshake,896,1634,SUCCESS
TLSHandshake,897,1650,SUCCESS
TLSHandshake,898,1657,SUCCESS
TLSHandshake,899,1599,SUCCESS
TLSHandshake,900,1597,SUCCESS
TLSHandshake,901,1740,SUCCESS
TLSHandshake,902,1863,SUCCESS
TLSHandshake,903,1663,SUCCESS
TLSHandshake,904,1638,SUCCESS
TLSHandshake,905,1596,SUCCESS
TLSHandshake,906,1550,SUCCESS
TLSHandshake,907,1714,SUCCESS
TLSHandshake,908,1514,SUCCESS
TLSHandshake,909,1624,SUCCESS
TLSHandshake,910,1642,SUCCESS
TLSHandshake,911,1708,SUCCESS
TLSHandshake,912,1753,SUCCESS
TLSHandshake,913,1745,SUCCESS
TLSHandshake,914,1754,SUCCESS
TLSHandshake,915,1621,SUCCESS
TLSHandshake,916,1879,SUCCESS
TLSHandshake,917,1773,SUCCESS
TLSHandshake,918,1682,SUCCESS
TLSHandshake,919,1600,SUCCESS
TLSHandshake,920,1745,SUCCESS
TLSHandshake,921,1772,SUCCESS
TLSHandshake,922,1742,SUCCESS
TLSHandshake,923,1762,SUCCESS
TLSHandshake,924,1594,SUCCESS
TLSHandshake,925,1678,SUCCESS
TLSHandshake,926,1722,SUCCESS
TLSHandshake,927,1716,SUCCESS
TLSHandshake,928,1739,SUCCESS
TLSHandshake,929,1620,SUCCESS
TLSHandshake,930,1682,SUCCESS
TLSHandshake,931,1640,SUCCESS
TLSHandshake,932,1537,SUCCESS
TLSHandshake,933,1685,SUCCESS
TLSHandshake,934,1726,SUCCESS
TLSHandshake,935,1598,SUCCESS
TLSHandshake,936,1570,SUCCESS
TLSHandshake,937,1527,SUCCESS
TLSHandshake,938,1700,SUCCESS
TLSHandshake,939,1650,SUCCESS
TLSHandshake,940,1755,SUCCESS
TLSHandshake,941,1616,SUCCESS
TLSHandshake,942,1598,SUCCESS
TLSHandshake,943,1641,SUCCESS
TLSHandshake,944,1690,SUCCESS
TLSHandshake,945,1548,SUCCESS
TLSHandshake,946,1645,SUCCESS
TLSHandshake,947,1581,SUCCESS
TLSHandshake,948,1624,SUCCESS
TLSHandshake,949,1550,SUCCESS
TLSHandshake,950,1546,SUCCESS
TLSHandshake,951,1705,SUCCESS
TLSHandshake,952,1642,SUCCESS
TLSHandshake,953,1595,SUCCESS
TLSHandshake,954,1656,SUCCESS
TLSHandshake,955,1600,SUCCESS
TLSHandshake,956,1540,SUCCESS
TLSHandshake,957,1722,SUCCESS
TLSHandshake,958,4035,SUCCESS
TLSHandshake,959,1604,SUCCESS
TLSHandshake,960,1588,SUCCESS
TLSHandshake,961,1601,SUCCESS
TLSHandshake,962,1547,SUCCESS
TLSHandshake,963,1546,SUCCESS
TLSHandshake,964,1610,SUCCESS
TLSHandshake,965,1573,SUCCESS
TLSHandshake,966,1537,SUCCESS
TLSHandshake,967,1529,SUCCESS
TLSHandshake,968,1597,SUCCESS
TLSHandshake,969,1724,SUCCESS
TLSHandshake,970,1518,SUCCESS
TLSHandshake,971,1702,SUCCESS
TLSHandshake,972,1758,SUCCESS
TLSHandshake,973,1806,SUCCESS
TLSHandshake,974,1742,SUCCESS
TLSHandshake,975,1560,SUCCESS
TLSHandshake,976,1586,SUCCESS
TLSHandshake,977,1555,SUCCESS
TLSHandshake,978,1693,SUCCESS
TLSHandshake,979,1689,SUCCESS
TLSHandshake,980,1559,SUCCESS
TLSHandshake,981,1704,SUCCESS
TLSHandshake,982,1659,SUCCESS
TLSHandshake,983,1586,SUCCESS
TLSHandshake,984,1556,SUCCESS
TLSHandshake,985,1533,SUCCESS
TLSHandshake,986,1713,SUCCESS
TLSHandshake,987,1797,SUCCESS
TLSHandshake,988,1801,SUCCESS
TLSHandshake,989,1654,SUCCESS
TLSHandshake,990,1599,SUCCESS
TLSHandshake,991,1608,SUCCESS
TLSHandshake,992,1739,SUCCESS
TLSHandshake,993,1600,SUCCESS
TLSHandshake,994,1813,SUCCESS
TLSHandshake,995,1747,SUCCESS
TLSHandshake,996,1596,SUCCESS
TLSHandshake,997,1616,SUCCESS
TLSHandshake,998,1525,SUCCESS
TLSHandshake,999,1659,SUCCESS
TLSHandshake,1000,1514,SUCCESS
DataSend,1,2289,HTTP200
DataSend,2,3197,HTTP200
DataSend,3,2144,HTTP200
DataSend,4,2144,HTTP200
DataSend,5,2044,HTTP200
DataSend,6,1887,HTTP200
DataSend,7,1718,HTTP200
DataSend,8,2245,HTTP200
DataSend,9,2171,HTTP200
DataSend,10,2152,HTTP200
DataSend,11,2265,HTTP200
DataSend,12,2445,HTTP200
DataSend,13,2053,HTTP200
DataSend,14,2084,HTTP200
DataSend,15,2346,HTTP200
DataSend,16,2033,HTTP200
DataSend,17,2069,HTTP200
DataSend,18,2299,HTTP200
DataSend,19,2349,HTTP200
DataSend,20,2029,HTTP200
DataSend,21,2495,HTTP200
DataSend,22,2575,HTTP200
DataSend,23,2560,HTTP200
DataSend,24,2697,HTTP200
DataSend,25,2144,HTTP200
DataSend,26,2579,HTTP200
DataSend,27,2033,HTTP200
DataSend,28,2597,HTTP200
DataSend,29,2055,HTTP200
DataSend,30,2048,HTTP200
DataSend,31,1879,HTTP200
DataSend,32,2144,HTTP200
DataSend,33,2228,HTTP200
DataSend,34,2396,HTTP200
DataSend,35,2273,HTTP200
DataSend,36,2367,HTTP200
DataSend,37,2048,HTTP200
DataSend,38,2196,HTTP200
DataSend,39,2034,HTTP200
DataSend,40,2169,HTTP200
DataSend,41,2092,HTTP200
DataSend,42,2036,HTTP200
DataSend,43,2253,HTTP200
DataSend,44,2252,HTTP200
DataSend,45,2038,HTTP200
DataSend,46,2149,HTTP200
DataSend,47,2047,HTTP200
DataSend,48,2225,HTTP200
DataSend,49,2120,HTTP200
DataSend,50,2256,HTTP200
DataSend,51,2316,HTTP200
DataSend,52,2092,HTTP200
DataSend,53,1976,HTTP200
DataSend,54,2204,HTTP200
DataSend,55,2245,HTTP200
DataSend,56,2194,HTTP200
DataSend,57,2338,HTTP200
DataSend,58,2164,HTTP200
DataSend,59,2146,HTTP200
DataSend,60,2280,HTTP200
DataSend,61,2178,HTTP200
DataSend,62,2168,HTTP200
DataSend,63,2072,HTTP200
DataSend,64,2195,HTTP200
DataSend,65,2239,HTTP200
DataSend,66,2474,HTTP200
DataSend,67,2497,HTTP200
DataSend,68,2460,HTTP200
DataSend,69,2409,HTTP200
DataSend,70,2286,HTTP200
DataSend,71,2368,HTTP200
DataSend,72,2454,HTTP200
DataSend,73,2074,HTTP200
DataSend,74,2213,HTTP200
DataSend,75,2471,HTTP200
DataSend,76,1981,HTTP200
DataSend,77,2095,HTTP200
DataSend,78,2295,HTTP200
DataSend,79,2094,HTTP200
DataSend,80,2253,HTTP200
DataSend,81,2197,HTTP200
DataSend,82,2376,HTTP200
DataSend,83,2244,HTTP200
DataSend,84,2299,HTTP200
DataSend,85,2033,HTTP200
DataSend,86,2611,HTTP200
DataSend,87,2035,HTTP200
DataSend,88,2139,HTTP200
DataSend,89,2343,HTTP200
DataSend,90,1949,HTTP200
DataSend,91,2090,HTTP200
DataSend,92,2140,HTTP200
DataSend,93,2143,HTTP200
DataSend,94,1982,HTTP200
DataSend,95,2346,HTTP200
DataSend,96,2274,HTTP200
DataSend,97,2309,HTTP200
DataSend,98,2154,HTTP200
DataSend,99,2259,HTTP200
DataSend,100,2298,HTTP200
DataSend,101,2475,HTTP200
DataSend,102,2399,HTTP200
DataSend,103,2302,HTTP200
DataSend,104,2090,HTTP200
DataSend,105,2140,HTTP200
DataSend,106,2350,HTTP200
DataSend,107,2061,HTTP200
DataSend,108,2043,HTTP200
DataSend,109,2067,HTTP200
DataSend,110,2065,HTTP200
DataSend,111,2092,HTTP200
DataSend,112,2357,HTTP200
DataSend,113,2226,HTTP200
DataSend,114,2340,HTTP200
DataSend,115,2155,HTTP200
DataSend,116,2038,HTTP200
DataSend,117,2303,HTTP200
DataSend,118,2388,HTTP200
DataSend,119,2133,HTTP200
DataSend,120,2135,HTTP200
DataSend,121,2141,HTTP200
DataSend,122,2243,HTTP200
DataSend,123,2347,HTTP200
DataSend,124,2028,HTTP200
DataSend,125,2268,HTTP200
DataSend,126,2188,HTTP200
DataSend,127,2130,HTTP200
DataSend,128,2264,HTTP200
DataSend,129,2065,HTTP200
DataSend,130,2250,HTTP200
DataSend,131,2582,HTTP200
DataSend,132,2236,HTTP200
DataSend,133,2037,HTTP200
DataSend,134,2117,HTTP200
DataSend,135,1755,HTTP200
DataSend,136,1947,HTTP200
DataSend,137,2345,HTTP200
DataSend,138,2603,HTTP200
DataSend,139,2240,HTTP200
DataSend,140,1829,HTTP200
DataSend,141,1988,HTTP200
DataSend,142,2222,HTTP200
DataSend,143,2196,HTTP200
DataSend,144,2449,HTTP200
DataSend,145,2260,HTTP200
DataSend,146,2340,HTTP200
DataSend,147,2088,HTTP200
DataSend,148,2648,HTTP200
DataSend,149,2339,HTTP200
DataSend,150,2248,HTTP200
DataSend,151,2018,HTTP200
DataSend,152,2390,HTTP200
DataSend,153,2323,HTTP200
DataSend,154,2243,HTTP200
DataSend,155,1958,HTTP200
DataSend,156,2180,HTTP200
DataSend,157,2048,HTTP200
DataSend,158,2026,HTTP200
DataSend,159,2288,HTTP200
DataSend,160,2389,HTTP200
DataSend,161,2510,HTTP200
DataSend,162,2452,HTTP200
DataSend,163,1976,HTTP200
DataSend,164,2279,HTTP200
DataSend,165,2140,HTTP200
DataSend,166,2114,HTTP200
DataSend,167,2350,HTTP200
DataSend,168,2394,HTTP200
DataSend,169,2130,HTTP200
DataSend,170,2142,HTTP200
DataSend,171,2457,HTTP200
DataSend,172,2185,HTTP200
DataSend,173,2161,HTTP200
DataSend,174,1804,HTTP200
DataSend,175,2299,HTTP200
DataSend,176,1957,HTTP200
DataSend,177,2405,HTTP200
DataSend,178,2448,HTTP200
DataSend,179,2526,HTTP200
DataSend,180,2238,HTTP200
DataSend,181,2232,HTTP200
DataSend,182,2282,HTTP200
DataSend,183,2095,HTTP200
DataSend,184,2141,HTTP200
DataSend,185,2131,HTTP200
DataSend,186,1941,HTTP200
DataSend,187,2151,HTTP200
DataSend,188,2548,HTTP200
DataSend,189,2195,HTTP200
DataSend,190,2171,HTTP200
DataSend,191,2298,HTTP200
DataSend,192,2124,HTTP200
DataSend,193,2260,HTTP200
DataSend,194,2044,HTTP200
DataSend,195,2029,HTTP200
DataSend,196,2353,HTTP200
DataSend,197,2563,HTTP200
DataSend,198,2023,HTTP200
DataSend,199,2246,HTTP200
DataSend,200,2187,HTTP200
DataSend,201,2146,HTTP200
DataSend,202,2070,HTTP200
DataSend,203,1973,HTTP200
DataSend,204,2158,HTTP200
DataSend,205,2196,HTTP200
DataSend,206,2267,HTTP200
DataSend,207,2369,HTTP200
DataSend,208,2398,HTTP200
DataSend,209,2247,HTTP200
DataSend,210,2401,HTTP200
DataSend,211,2084,HTTP200
DataSend,212,2030,HTTP200
DataSend,213,2143,HTTP200
DataSend,214,1978,HTTP200
DataSend,215,2247,HTTP200
DataSend,216,2134,HTTP200
DataSend,217,1956,HTTP200
DataSend,218,2032,HTTP200
DataSend,219,2641,HTTP200
DataSend,220,2143,HTTP200
DataSend,221,2240,HTTP200
DataSend,222,2046,HTTP200
DataSend,223,2008,HTTP200
DataSend,224,1833,HTTP200
DataSend,225,2166,HTTP200
DataSend,226,1994,HTTP200
DataSend,227,2139,HTTP200
DataSend,228,2143,HTTP200
DataSend,229,2097,HTTP200
DataSend,230,2033,HTTP200
DataSend,231,2161,HTTP200
DataSend,232,2147,HTTP200
DataSend,233,2038,HTTP200
DataSend,234,2035,HTTP200
DataSend,235,2240,HTTP200
DataSend,236,2180,HTTP200
DataSend,237,2151,HTTP200
DataSend,238,2139,HTTP200
DataSend,239,2069,HTTP200
DataSend,240,2050,HTTP200
DataSend,241,2241,HTTP200
DataSend,242,2267,HTTP200
DataSend,243,2135,HTTP200
DataSend,244,2251,HTTP200
DataSend,245,2478,HTTP200
DataSend,246,2550,HTTP200
DataSend,247,1825,HTTP200
DataSend,248,2350,HTTP200
DataSend,249,2448,HTTP200
DataSend,250,1980,HTTP200
DataSend,251,2014,HTTP200
DataSend,252,2347,HTTP200
DataSend,253,2317,HTTP200
DataSend,254,2400,HTTP200
DataSend,255,2192,HTTP200
DataSend,256,2088,HTTP200
DataSend,257,2045,HTTP200
DataSend,258,2045,HTTP200
DataSend,259,2235,HTTP200
DataSend,260,2477,HTTP200
DataSend,261,2252,HTTP200
DataSend,262,2232,HTTP200
DataSend,263,2149,HTTP200
DataSend,264,2577,HTTP200
DataSend,265,1930,HTTP200
DataSend,266,2273,HTTP200
DataSend,267,2028,HTTP200
DataSend,268,2149,HTTP200
DataSend,269,2490,HTTP200
DataSend,270,1932,HTTP200
DataSend,271,1978,HTTP200
DataSend,272,3277,HTTP200
DataSend,273,2175,HTTP200
DataSend,274,2153,HTTP200
DataSend,275,2041,HTTP200
DataSend,276,2261,HTTP200
DataSend,277,2040,HTTP200
DataSend,278,1980,HTTP200
DataSend,279,2121,HTTP200
DataSend,280,2247,HTTP200
DataSend,281,2241,HTTP200
DataSend,282,2048,HTTP200
DataSend,283,2373,HTTP200
DataSend,284,2378,HTTP200
DataSend,285,2037,HTTP200
DataSend,286,2128,HTTP200
DataSend,287,2330,HTTP200
DataSend,288,2002,HTTP200
DataSend,289,2068,HTTP200
DataSend,290,2138,HTTP200
DataSend,291,2028,HTTP200
DataSend,292,2116,HTTP200
DataSend,293,2251,HTTP200
DataSend,294,2084,HTTP200
DataSend,295,2116,HTTP200
DataSend,296,2171,HTTP200
DataSend,297,2297,HTTP200
DataSend,298,2126,HTTP200
DataSend,299,2170,HTTP200
DataSend,300,2142,HTTP200
DataSend,301,2046,HTTP200
DataSend,302,1933,HTTP200
DataSend,303,2169,HTTP200
DataSend,304,2271,HTTP200
DataSend,305,2041,HTTP200
DataSend,306,2149,HTTP200
DataSend,307,2235,HTTP200
DataSend,308,2140,HTTP200
DataSend,309,2147,HTTP200
DataSend,310,2371,HTTP200
DataSend,311,2297,HTTP200
DataSend,312,2204,HTTP200
DataSend,313,2090,HTTP200
DataSend,314,2133,HTTP200
DataSend,315,1917,HTTP200
DataSend,316,2032,HTTP200
DataSend,317,1990,HTTP200
DataSend,318,2246,HTTP200
DataSend,319,2244,HTTP200
DataSend,320,2039,HTTP200
DataSend,321,2272,HTTP200
DataSend,322,1783,HTTP200
DataSend,323,2039,HTTP200
DataSend,324,2070,HTTP200
DataSend,325,1860,HTTP200
DataSend,326,3111,HTTP200
DataSend,327,1945,HTTP200
DataSend,328,1938,HTTP200
DataSend,329,2042,HTTP200
DataSend,330,2030,HTTP200
DataSend,331,1983,HTTP200
DataSend,332,2107,HTTP200
DataSend,333,1988,HTTP200
DataSend,334,2139,HTTP200
DataSend,335,1937,HTTP200
DataSend,336,1936,HTTP200
DataSend,337,2072,HTTP200
DataSend,338,2171,HTTP200
DataSend,339,2268,HTTP200
DataSend,340,2033,HTTP200
DataSend,341,2173,HTTP200
DataSend,342,2141,HTTP200
DataSend,343,1953,HTTP200
DataSend,344,2040,HTTP200
DataSend,345,2442,HTTP200
DataSend,346,2273,HTTP200
DataSend,347,1761,HTTP200
DataSend,348,2146,HTTP200
DataSend,349,2147,HTTP200
DataSend,350,2408,HTTP200
DataSend,351,2170,HTTP200
DataSend,352,2146,HTTP200
DataSend,353,2137,HTTP200
DataSend,354,2144,HTTP200
DataSend,355,2249,HTTP200
DataSend,356,2035,HTTP200
DataSend,357,2245,HTTP200
DataSend,358,2148,HTTP200
DataSend,359,2398,HTTP200
DataSend,360,2253,HTTP200
DataSend,361,2209,HTTP200
DataSend,362,2379,HTTP200
DataSend,363,2180,HTTP200
DataSend,364,2249,HTTP200
DataSend,365,2148,HTTP200
DataSend,366,2239,HTTP200
DataSend,367,2038,HTTP200
DataSend,368,2343,HTTP200
DataSend,369,2861,HTTP200
DataSend,370,2132,HTTP200
DataSend,371,2193,HTTP200
DataSend,372,2380,HTTP200
DataSend,373,2340,HTTP200
DataSend,374,2344,HTTP200
DataSend,375,2438,HTTP200
DataSend,376,2167,HTTP200
DataSend,377,2135,HTTP200
DataSend,378,2030,HTTP200
DataSend,379,2168,HTTP200
DataSend,380,2028,HTTP200
DataSend,381,3608,HTTP200
DataSend,382,2270,HTTP200
DataSend,383,2240,HTTP200
DataSend,384,4306,HTTP200
DataSend,385,1945,HTTP200
DataSend,386,1993,HTTP200
DataSend,387,2286,HTTP200
DataSend,388,2173,HTTP200
DataSend,389,2074,HTTP200
DataSend,390,2083,HTTP200
DataSend,391,2141,HTTP200
DataSend,392,2292,HTTP200
DataSend,393,2126,HTTP200
DataSend,394,2361,HTTP200
DataSend,395,2344,HTTP200
DataSend,396,2042,HTTP200
DataSend,397,2236,HTTP200
DataSend,398,1944,HTTP200
DataSend,399,2645,HTTP200
DataSend,400,2556,HTTP200
DataSend,401,2255,HTTP200
DataSend,402,2110,HTTP200
DataSend,403,2164,HTTP200
DataSend,404,2088,HTTP200
DataSend,405,2271,HTTP200
DataSend,406,2480,HTTP200
DataSend,407,2163,HTTP200
DataSend,408,2153,HTTP200
DataSend,409,2297,HTTP200
DataSend,410,2343,HTTP200
DataSend,411,2101,HTTP200
DataSend,412,2233,HTTP200
DataSend,413,1838,HTTP200
DataSend,414,2004,HTTP200
DataSend,415,2123,HTTP200
DataSend,416,2273,HTTP200
DataSend,417,2361,HTTP200
DataSend,418,2144,HTTP200
DataSend,419,2033,HTTP200
DataSend,420,2377,HTTP200
DataSend,421,1868,HTTP200
DataSend,422,1968,HTTP200
DataSend,423,2144,HTTP200
DataSend,424,2391,HTTP200
DataSend,425,2174,HTTP200
DataSend,426,1854,HTTP200
DataSend,427,2086,HTTP200
DataSend,428,2164,HTTP200
DataSend,429,2140,HTTP200
DataSend,430,2091,HTTP200
DataSend,431,2168,HTTP200
DataSend,432,2047,HTTP200
DataSend,433,2036,HTTP200
DataSend,434,2274,HTTP200
DataSend,435,2149,HTTP200
DataSend,436,2185,HTTP200
DataSend,437,2153,HTTP200
DataSend,438,2241,HTTP200
DataSend,439,2139,HTTP200
DataSend,440,1965,HTTP200
DataSend,441,2150,HTTP200
DataSend,442,1965,HTTP200
DataSend,443,1946,HTTP200
DataSend,444,2083,HTTP200
DataSend,445,2146,HTTP200
DataSend,446,2133,HTTP200
DataSend,447,2053,HTTP200
DataSend,448,2144,HTTP200
DataSend,449,2142,HTTP200
DataSend,450,2061,HTTP200
DataSend,451,2037,HTTP200
DataSend,452,2144,HTTP200
DataSend,453,2087,HTTP200
DataSend,454,1935,HTTP200
DataSend,455,2086,HTTP200
DataSend,456,2370,HTTP200
DataSend,457,2228,HTTP200
DataSend,458,2234,HTTP200
DataSend,459,2115,HTTP200
DataSend,460,1991,HTTP200
DataSend,461,2268,HTTP200
DataSend,462,2143,HTTP200
DataSend,463,1946,HTTP200
DataSend,464,2172,HTTP200
DataSend,465,2150,HTTP200
DataSend,466,2222,HTTP200
DataSend,467,2196,HTTP200
DataSend,468,2271,HTTP200
DataSend,469,2377,HTTP200
DataSend,470,2243,HTTP200
DataSend,471,2111,HTTP200
DataSend,472,2397,HTTP200
DataSend,473,2075,HTTP200
DataSend,474,2293,HTTP200
DataSend,475,2166,HTTP200
DataSend,476,1978,HTTP200
DataSend,477,2291,HTTP200
DataSend,478,2155,HTTP200
DataSend,479,2140,HTTP200
DataSend,480,2136,HTTP200
DataSend,481,2128,HTTP200
DataSend,482,2035,HTTP200
DataSend,483,2139,HTTP200
DataSend,484,2173,HTTP200
DataSend,485,1985,HTTP200
DataSend,486,2274,HTTP200
DataSend,487,2029,HTTP200
DataSend,488,2268,HTTP200
DataSend,489,2023,HTTP200
DataSend,490,2294,HTTP200
DataSend,491,2036,HTTP200
DataSend,492,2142,HTTP200
DataSend,493,2088,HTTP200
DataSend,494,1750,HTTP200
DataSend,495,2039,HTTP200
DataSend,496,2270,HTTP200
DataSend,497,2041,HTTP200
DataSend,498,1961,HTTP200
DataSend,499,2041,HTTP200
DataSend,500,2043,HTTP200
DataSend,501,2181,HTTP200
DataSend,502,2089,HTTP200
DataSend,503,2191,HTTP200
DataSend,504,2052,HTTP200
DataSend,505,2025,HTTP200
DataSend,506,2043,HTTP200
DataSend,507,2167,HTTP200
DataSend,508,2157,HTTP200
DataSend,509,2682,HTTP200
DataSend,510,2245,HTTP200
DataSend,511,2080,HTTP200
DataSend,512,2248,HTTP200
DataSend,513,2127,HTTP200
DataSend,514,2246,HTTP200
DataSend,515,2127,HTTP200
DataSend,516,2057,HTTP200
DataSend,517,2135,HTTP200
DataSend,518,2018,HTTP200
DataSend,519,2133,HTTP200
DataSend,520,2194,HTTP200
DataSend,521,2478,HTTP200
DataSend,522,2391,HTTP200
DataSend,523,2394,HTTP200
DataSend,524,2037,HTTP200
DataSend,525,2395,HTTP200
DataSend,526,2151,HTTP200
DataSend,527,2144,HTTP200
DataSend,528,2271,HTTP200
DataSend,529,2169,HTTP200
DataSend,530,2064,HTTP200
DataSend,531,2064,HTTP200
DataSend,532,2039,HTTP200
DataSend,533,2277,HTTP200
DataSend,534,2242,HTTP200
DataSend,535,2141,HTTP200
DataSend,536,2474,HTTP200
DataSend,537,2287,HTTP200
DataSend,538,2076,HTTP200
DataSend,539,2043,HTTP200
DataSend,540,2384,HTTP200
DataSend,541,2047,HTTP200
DataSend,542,2135,HTTP200
DataSend,543,2175,HTTP200
DataSend,544,2254,HTTP200
DataSend,545,2240,HTTP200
DataSend,546,2237,HTTP200
DataSend,547,2192,HTTP200
DataSend,548,2148,HTTP200
DataSend,549,2040,HTTP200
DataSend,550,2036,HTTP200
DataSend,551,2071,HTTP200
DataSend,552,2141,HTTP200
DataSend,553,2244,HTTP200
DataSend,554,2135,HTTP200
DataSend,555,2133,HTTP200
DataSend,556,2146,HTTP200
DataSend,557,2037,HTTP200
DataSend,558,2229,HTTP200
DataSend,559,2170,HTTP200
DataSend,560,2373,HTTP200
DataSend,561,2152,HTTP200
DataSend,562,2191,HTTP200
DataSend,563,2166,HTTP200
DataSend,564,2037,HTTP200
DataSend,565,2036,HTTP200
DataSend,566,2185,HTTP200
DataSend,567,2062,HTTP200
DataSend,568,2343,HTTP200
DataSend,569,1920,HTTP200
DataSend,570,2032,HTTP200
DataSend,571,2043,HTTP200
DataSend,572,2062,HTTP200
DataSend,573,2051,HTTP200
DataSend,574,2373,HTTP200
DataSend,575,2044,HTTP200
DataSend,576,2133,HTTP200
DataSend,577,2034,HTTP200
DataSend,578,2043,HTTP200
DataSend,579,2140,HTTP200
DataSend,580,2045,HTTP200
DataSend,581,2045,HTTP200
DataSend,582,2139,HTTP200
DataSend,583,2373,HTTP200
DataSend,584,2043,HTTP200
DataSend,585,1947,HTTP200
DataSend,586,2239,HTTP200
DataSend,587,2149,HTTP200
DataSend,588,2032,HTTP200
DataSend,589,2035,HTTP200
DataSend,590,2145,HTTP200
DataSend,591,2136,HTTP200
DataSend,592,1929,HTTP200
DataSend,593,2151,HTTP200
DataSend,594,2097,HTTP200
DataSend,595,2054,HTTP200
DataSend,596,2271,HTTP200
DataSend,597,2063,HTTP200
DataSend,598,2671,HTTP200
DataSend,599,2138,HTTP200
DataSend,600,2227,HTTP200
DataSend,601,2492,HTTP200
DataSend,602,2374,HTTP200
DataSend,603,2141,HTTP200
DataSend,604,2142,HTTP200
DataSend,605,2297,HTTP200
DataSend,606,2157,HTTP200
DataSend,607,2034,HTTP200
DataSend,608,2148,HTTP200
DataSend,609,2172,HTTP200
DataSend,610,2044,HTTP200
DataSend,611,2110,HTTP200
DataSend,612,2269,HTTP200
DataSend,613,1951,HTTP200
DataSend,614,2074,HTTP200
DataSend,615,2249,HTTP200
DataSend,616,2252,HTTP200
DataSend,617,2019,HTTP200
DataSend,618,2054,HTTP200
DataSend,619,2151,HTTP200
DataSend,620,2276,HTTP200
DataSend,621,2136,HTTP200
DataSend,622,2244,HTTP200
DataSend,623,2038,HTTP200
DataSend,624,2132,HTTP200
DataSend,625,2144,HTTP200
DataSend,626,2142,HTTP200
DataSend,627,2027,HTTP200
DataSend,628,2168,HTTP200
DataSend,629,2038,HTTP200
DataSend,630,2258,HTTP200
DataSend,631,2140,HTTP200
DataSend,632,2473,HTTP200
DataSend,633,2435,HTTP200
DataSend,634,2164,HTTP200
DataSend,635,2500,HTTP200
DataSend,636,2547,HTTP200
DataSend,637,1786,HTTP200
DataSend,638,2404,HTTP200
DataSend,639,2041,HTTP200
DataSend,640,1834,HTTP200
DataSend,641,2184,HTTP200
DataSend,642,2268,HTTP200
DataSend,643,2145,HTTP200
DataSend,644,2061,HTTP200
DataSend,645,2273,HTTP200
DataSend,646,2078,HTTP200
DataSend,647,2190,HTTP200
DataSend,648,2037,HTTP200
DataSend,649,2152,HTTP200
DataSend,650,1986,HTTP200
DataSend,651,2080,HTTP200
DataSend,652,2168,HTTP200
DataSend,653,1987,HTTP200
DataSend,654,2120,HTTP200
DataSend,655,2046,HTTP200
DataSend,656,2235,HTTP200
DataSend,657,2043,HTTP200
DataSend,658,2184,HTTP200
DataSend,659,2242,HTTP200
DataSend,660,1845,HTTP200
DataSend,661,2033,HTTP200
DataSend,662,2033,HTTP200
DataSend,663,2037,HTTP200
DataSend,664,1938,HTTP200
DataSend,665,2063,HTTP200
DataSend,666,2044,HTTP200
DataSend,667,1945,HTTP200
DataSend,668,1982,HTTP200
DataSend,669,2034,HTTP200
DataSend,670,2032,HTTP200
DataSend,671,2034,HTTP200
DataSend,672,2037,HTTP200
DataSend,673,1942,HTTP200
DataSend,674,1944,HTTP200
DataSend,675,2029,HTTP200
DataSend,676,1984,HTTP200
DataSend,677,2078,HTTP200
DataSend,678,2152,HTTP200
DataSend,679,2186,HTTP200
DataSend,680,1990,HTTP200
DataSend,681,1965,HTTP200
DataSend,682,2264,HTTP200
DataSend,683,2246,HTTP200
DataSend,684,2067,HTTP200
DataSend,685,2039,HTTP200
DataSend,686,2089,HTTP200
DataSend,687,2360,HTTP200
DataSend,688,2057,HTTP200
DataSend,689,2272,HTTP200
DataSend,690,2063,HTTP200
DataSend,691,1979,HTTP200
DataSend,692,1971,HTTP200
DataSend,693,2190,HTTP200
DataSend,694,2175,HTTP200
DataSend,695,1936,HTTP200
DataSend,696,2251,HTTP200
DataSend,697,2147,HTTP200
DataSend,698,2035,HTTP200
DataSend,699,2039,HTTP200
DataSend,700,1940,HTTP200
DataSend,701,1957,HTTP200
DataSend,702,1939,HTTP200
DataSend,703,2037,HTTP200
DataSend,704,1794,HTTP200
DataSend,705,2142,HTTP200
DataSend,706,2151,HTTP200
DataSend,707,2270,HTTP200
DataSend,708,2088,HTTP200
DataSend,709,2175,HTTP200
DataSend,710,2002,HTTP200
DataSend,711,2088,HTTP200
DataSend,712,2045,HTTP200
DataSend,713,2048,HTTP200
DataSend,714,2172,HTTP200
DataSend,715,2039,HTTP200
DataSend,716,2171,HTTP200
DataSend,717,2037,HTTP200
DataSend,718,2082,HTTP200
DataSend,719,2047,HTTP200
DataSend,720,2037,HTTP200
DataSend,721,2046,HTTP200
DataSend,722,2244,HTTP200
DataSend,723,2029,HTTP200
DataSend,724,2047,HTTP200
DataSend,725,2340,HTTP200
DataSend,726,2059,HTTP200
DataSend,727,2265,HTTP200
DataSend,728,2063,HTTP200
DataSend,729,2236,HTTP200
DataSend,730,1966,HTTP200
DataSend,731,2042,HTTP200
DataSend,732,2314,HTTP200
DataSend,733,2482,HTTP200
DataSend,734,2084,HTTP200
DataSend,735,2126,HTTP200
DataSend,736,2158,HTTP200
DataSend,737,2068,HTTP200
DataSend,738,2226,HTTP200
DataSend,739,2147,HTTP200
DataSend,740,2069,HTTP200
DataSend,741,2247,HTTP200
DataSend,742,2192,HTTP200
DataSend,743,2103,HTTP200
DataSend,744,2173,HTTP200
DataSend,745,2248,HTTP200
DataSend,746,2084,HTTP200
DataSend,747,2371,HTTP200
DataSend,748,2136,HTTP200
DataSend,749,2245,HTTP200
DataSend,750,2135,HTTP200
DataSend,751,2134,HTTP200
DataSend,752,2199,HTTP200
DataSend,753,2551,HTTP200
DataSend,754,2078,HTTP200
DataSend,755,2162,HTTP200
DataSend,756,2098,HTTP200
DataSend,757,2040,HTTP200
DataSend,758,2272,HTTP200
DataSend,759,2133,HTTP200
DataSend,760,2378,HTTP200
DataSend,761,2188,HTTP200
DataSend,762,2371,HTTP200
DataSend,763,2038,HTTP200
DataSend,764,2045,HTTP200
DataSend,765,2379,HTTP200
DataSend,766,2169,HTTP200
DataSend,767,2015,HTTP200
DataSend,768,2368,HTTP200
DataSend,769,2250,HTTP200
DataSend,770,2033,HTTP200
DataSend,771,2026,HTTP200
DataSend,772,2042,HTTP200
DataSend,773,2234,HTTP200
DataSend,774,2173,HTTP200
DataSend,775,2144,HTTP200
DataSend,776,2453,HTTP200
DataSend,777,2446,HTTP200
DataSend,778,2448,HTTP200
DataSend,779,2140,HTTP200
DataSend,780,2043,HTTP200
DataSend,781,1939,HTTP200
DataSend,782,2291,HTTP200
DataSend,783,1987,HTTP200
DataSend,784,2092,HTTP200
DataSend,785,2065,HTTP200
DataSend,786,2178,HTTP200
DataSend,787,2335,HTTP200
DataSend,788,2070,HTTP200
DataSend,789,2294,HTTP200
DataSend,790,2284,HTTP200
DataSend,791,2245,HTTP200
DataSend,792,2139,HTTP200
DataSend,793,2161,HTTP200
DataSend,794,2448,HTTP200
DataSend,795,2287,HTTP200
DataSend,796,2374,HTTP200
DataSend,797,2480,HTTP200
DataSend,798,2325,HTTP200
DataSend,799,2090,HTTP200
DataSend,800,2195,HTTP200
DataSend,801,2267,HTTP200
DataSend,802,2205,HTTP200
DataSend,803,2043,HTTP200
DataSend,804,2358,HTTP200
DataSend,805,2151,HTTP200
DataSend,806,2500,HTTP200
DataSend,807,2087,HTTP200
DataSend,808,1869,HTTP200
DataSend,809,2053,HTTP200
DataSend,810,2192,HTTP200
DataSend,811,2296,HTTP200
DataSend,812,2294,HTTP200
DataSend,813,2140,HTTP200
DataSend,814,2052,HTTP200
DataSend,815,2253,HTTP200
DataSend,816,1699,HTTP200
DataSend,817,2083,HTTP200
DataSend,818,2267,HTTP200
DataSend,819,1776,HTTP200
DataSend,820,1992,HTTP200
DataSend,821,2044,HTTP200
DataSend,822,2278,HTTP200
DataSend,823,1937,HTTP200
DataSend,824,2274,HTTP200
DataSend,825,2140,HTTP200
DataSend,826,2266,HTTP200
DataSend,827,2328,HTTP200
DataSend,828,2195,HTTP200
DataSend,829,2152,HTTP200
DataSend,830,2232,HTTP200
DataSend,831,2198,HTTP200
DataSend,832,2458,HTTP200
DataSend,833,2156,HTTP200
DataSend,834,2280,HTTP200
DataSend,835,2088,HTTP200
DataSend,836,2091,HTTP200
DataSend,837,2373,HTTP200
DataSend,838,2166,HTTP200
DataSend,839,2131,HTTP200
DataSend,840,2224,HTTP200
DataSend,841,2214,HTTP200
DataSend,842,2132,HTTP200
DataSend,843,2378,HTTP200
DataSend,844,1936,HTTP200
DataSend,845,2117,HTTP200
DataSend,846,2207,HTTP200
DataSend,847,2298,HTTP200
DataSend,848,2282,HTTP200
DataSend,849,2239,HTTP200
DataSend,850,1942,HTTP200
DataSend,851,2082,HTTP200
DataSend,852,2400,HTTP200
DataSend,853,2089,HTTP200
DataSend,854,1942,HTTP200
DataSend,855,2228,HTTP200
DataSend,856,2240,HTTP200
DataSend,857,2083,HTTP200
DataSend,858,2169,HTTP200
DataSend,859,2093,HTTP200
DataSend,860,2271,HTTP200
DataSend,861,2370,HTTP200
DataSend,862,2269,HTTP200
DataSend,863,2123,HTTP200
DataSend,864,1983,HTTP200
DataSend,865,2651,HTTP200
DataSend,866,2080,HTTP200
DataSend,867,2035,HTTP200
DataSend,868,2400,HTTP200
DataSend,869,2185,HTTP200
DataSend,870,2036,HTTP200
DataSend,871,2263,HTTP200
DataSend,872,2122,HTTP200
DataSend,873,2231,HTTP200
DataSend,874,2205,HTTP200
DataSend,875,2001,HTTP200
DataSend,876,2183,HTTP200
DataSend,877,2145,HTTP200
DataSend,878,2598,HTTP200
DataSend,879,2367,HTTP200
DataSend,880,2139,HTTP200
DataSend,881,2090,HTTP200
DataSend,882,2294,HTTP200
DataSend,883,2086,HTTP200
DataSend,884,2283,HTTP200
DataSend,885,2133,HTTP200
DataSend,886,2083,HTTP200
DataSend,887,1952,HTTP200
DataSend,888,2090,HTTP200
DataSend,889,2236,HTTP200
DataSend,890,2085,HTTP200
DataSend,891,2138,HTTP200
DataSend,892,2057,HTTP200
DataSend,893,2040,HTTP200
DataSend,894,2288,HTTP200
DataSend,895,2068,HTTP200
DataSend,896,2272,HTTP200
DataSend,897,2190,HTTP200
DataSend,898,2081,HTTP200
DataSend,899,2272,HTTP200
DataSend,900,2160,HTTP200
DataSend,901,2246,HTTP200
DataSend,902,2037,HTTP200
DataSend,903,2038,HTTP200
DataSend,904,2141,HTTP200
DataSend,905,2018,HTTP200
DataSend,906,2166,HTTP200
DataSend,907,2144,HTTP200
DataSend,908,2588,HTTP200
DataSend,909,2153,HTTP200
DataSend,910,1776,HTTP200
DataSend,911,2131,HTTP200
DataSend,912,2145,HTTP200
DataSend,913,2056,HTTP200
DataSend,914,2043,HTTP200
DataSend,915,1942,HTTP200
DataSend,916,2270,HTTP200
DataSend,917,2273,HTTP200
DataSend,918,2042,HTTP200
DataSend,919,2088,HTTP200
DataSend,920,2499,HTTP200
DataSend,921,1985,HTTP200
DataSend,922,2082,HTTP200
DataSend,923,2093,HTTP200
DataSend,924,2008,HTTP200
DataSend,925,2159,HTTP200
DataSend,926,1743,HTTP200
DataSend,927,2196,HTTP200
DataSend,928,2147,HTTP200
DataSend,929,2189,HTTP200
DataSend,930,2040,HTTP200
DataSend,931,2028,HTTP200
DataSend,932,1909,HTTP200
DataSend,933,2094,HTTP200
DataSend,934,1987,HTTP200
DataSend,935,2159,HTTP200
DataSend,936,2376,HTTP200
DataSend,937,2478,HTTP200
DataSend,938,2192,HTTP200
DataSend,939,2506,HTTP200
DataSend,940,2417,HTTP200
DataSend,941,1984,HTTP200
DataSend,942,2168,HTTP200
DataSend,943,2169,HTTP200
DataSend,944,2140,HTTP200
DataSend,945,2086,HTTP200
DataSend,946,2092,HTTP200
DataSend,947,2303,HTTP200
DataSend,948,2073,HTTP200
DataSend,949,1779,HTTP200
DataSend,950,2035,HTTP200
DataSend,951,2345,HTTP200
DataSend,952,2244,HTTP200
DataSend,953,1960,HTTP200
DataSend,954,2112,HTTP200
DataSend,955,2352,HTTP200
DataSend,956,2288,HTTP200
DataSend,957,2182,HTTP200
DataSend,958,1936,HTTP200
DataSend,959,2341,HTTP200
DataSend,960,2205,HTTP200
DataSend,961,2290,HTTP200
DataSend,962,2246,HTTP200
DataSend,963,1988,HTTP200
DataSend,964,2176,HTTP200
DataSend,965,1751,HTTP200
DataSend,966,2197,HTTP200
DataSend,967,2167,HTTP200
DataSend,968,2365,HTTP200
DataSend,969,2147,HTTP200
DataSend,970,1938,HTTP200
DataSend,971,2350,HTTP200
DataSend,972,2188,HTTP200
DataSend,973,2277,HTTP200
DataSend,974,1923,HTTP200
DataSend,975,2146,HTTP200
DataSend,976,2290,HTTP200
DataSend,977,2382,HTTP200
DataSend,978,2160,HTTP200
DataSend,979,2295,HTTP200
DataSend,980,2970,HTTP200
DataSend,981,2158,HTTP200
DataSend,982,3571,HTTP200
DataSend,983,1941,HTTP200
DataSend,984,1733,HTTP200
DataSend,985,1857,HTTP200
DataSend,986,2040,HTTP200
DataSend,987,1776,HTTP200
DataSend,988,1811,HTTP200
DataSend,989,1841,HTTP200
DataSend,990,1961,HTTP200
DataSend,991,2078,HTTP200
DataSend,992,1990,HTTP200
DataSend,993,1877,HTTP200
DataSend,994,1952,HTTP200
DataSend,995,2130,HTTP200
DataSend,996,2037,HTTP200
DataSend,997,1979,HTTP200
DataSend,998,1934,HTTP200
DataSend,999,2374,HTTP200
DataSend,1000,2267,HTTP200
